,Planet,diameter (km),mean orbital velocity (km/sec),rotation period (in Earth days),inclination of axis (degrees),mean temperature at surface (C),escape velocity (km/sec),mean density (water=1),number of moons,rings?,Planet status,Semi major axis,Angular distance,Year discovered,Date updated,Calculated temperature,Measured temperature,Star,Star age,Mass (Earth=1),Diameter (Earth=1),Orbital period (Earth years),Orbital eccentricity,Gravity at surface (Earth=1),Molecules present
0,Mercury,"4,878",47.89,58.65,0.0,-180 to 430,4.25,5.43,"
",no,,,,,,,,Sun,,0.055,0.382,0.24,0.2056,0.38,none
1,Venus,"12,104",35.03,-243.0,177.4,465,10.36,5.25,"
",no,,,,,,,,Sun,,0.815,0.949,0.62,0.0068,0.9,CO2
2,Earth,"12,756",29.79,1.0,23.45,-89 to 58,11.18,5.52,"
",no,,,,,,,,Sun,,1.0,1.0,1.0,0.0167,1.0,N2 + O2
3,Mars,"6,787",24.13,1.03,23.98,-82 to 0,5.02,3.93,"
",no,,,,,,,,Sun,,0.107,0.532,1.88,0.0934,0.38,CO2
4,Jupiter,"142,800",13.06,0.41,3.08,-150,59.54,1.33,"
",yes,,,,,,,,Sun,,318.0,11.209,11.86,0.0483,2.64,H2+He
5,Saturn,"120,000",9.64,0.44,26.73,-170,35.49,0.71,"
",yes,,,,,,,,Sun,,95.0,9.44,29.46,0.056,0.93,H2+He
6,Uranus,"51,118",6.81,-0.72,97.92,-200,21.29,1.24,"
",yes,,,,,,,,Sun,,15.0,4.007,84.01,0.0461,0.89,H2+He
7,Neptune,"49,528",5.43,0.72,28.8,-210,23.71,1.67,"
",yes,,,,,,,,Sun,,17.0,3.883,164.8,0.0097,1.12,H2+He
8,AU Mic b,,,,,,,,,,Confirmed,0.08305,nan,2020.0,2023-02-20,569.5,nan,AU Mic,0.022,0.116,0.9142,8.46303507,0.012,nan,nan
9,AU Mic c,,,,,,,,,,Confirmed,0.1417,nan,2020.0,2023-02-20,436.0,nan,AU Mic,0.022,0.101,0.56,18.859014,0.06,nan,nan
10,BD+20 594 b,,,,,,,,,,Confirmed,0.241,nan,2016.0,2021-02-05,386.0,nan,BD+20 594,3.34,0.07,0.46,41.6855,0.0,nan,nan
11,CoRoT-15 b,,,,,,,,,,Confirmed,0.045,nan,2010.0,2015-09-23,1740.0,nan,CoRoT-15,nan,63.4,2.24,3.06036,0.0,nan,nan
12,CoRoT-22 b,,,,,,,,,,Confirmed,0.092,0.000149,2011.0,2018-11-20,885.0,nan,CoRoT-22,3.3,0.06,0.8708,9.75598,0.077,nan,nan
13,CoRoT-24 b,,,,,,,,,,Confirmed,0.056,9.3e-05,2011.0,2019-06-13,1070.0,nan,CoRoT-24,11.0,0.018,0.66,5.1134,0.0,nan,nan
14,CoRoT-24 c,,,,,,,,,,Confirmed,0.098,0.000163,2011.0,2019-06-13,850.0,nan,CoRoT-24,11.0,0.088,0.88,11.759,0.0,nan,nan
15,CoRoT-27 b,,,,,,,,,,Confirmed,0.0476,nan,2012.0,2014-07-10,1500.0,nan,CoRoT-27,4.21,10.39,2.014,3.57532,0.065,nan,nan
16,CoRoT-36 b,,,,,,,,,,Confirmed,0.066,nan,2022.0,2022-07-19,1567.0,nan,CoRoT-36,2.1,0.68,2.82,5.616531,0.0,nan,nan
17,EPIC 211945201 b,,,,,,,,,,Confirmed,0.1493,nan,2018.0,2021-02-08,817.0,nan,EPIC 211945201,3.99,0.085,1.028,19.49221,0.0,nan,nan
18,EPIC 212737443 b,,,,,,,,,,Confirmed,0.098,nan,2019.0,2021-02-08,536.0,nan,EPIC 212737443,nan,0.02907,0.462,13.603,0.2,nan,nan
19,EPIC 219388192 b,,,,,,,,,,Confirmed,0.0593,nan,2016.0,2019-03-11,1164.0,nan,EPIC 219388192,3.9,36.0,1.692,5.292569,0.1893,nan,nan
20,EPIC 246193072 b,,,,,,,,,,Confirmed,0.1016,nan,2020.0,2022-12-07,650.0,nan,EPIC 246193072,1.8,0.26,1.548,12.4551225,0.0697,nan,nan
21,G 9-40 b,,,,,,,,,,Confirmed,0.0418,nan,2019.0,2022-08-16,440.6,nan,G 9-40,9.9,0.013,0.34,5.7459982,0.0,nan,nan
22,GJ 1132 b,,,,,,,,,,Confirmed,0.0154,nan,2015.0,2018-11-15,580.0,nan,GJ 1132,5.0,0.00522,0.207,1.628931,0.0,nan,"CO2, H2, N2, O2"
23,GJ 3090 b,,,,,,,,,,Confirmed,0.03165,nan,2022.0,2022-07-29,692.0,nan,GJ 3090,nan,0.01051,0.38,2.8531054,0.18,nan,nan
24,GJ 3473 b,,,,,,,,,,Confirmed,0.01589,nan,2020.0,2020-09-23,773.0,nan,GJ 3473,nan,0.00585,0.22554,1.1980035,0.0,nan,nan
25,GJ 357 b,,,,,,,,,,Confirmed,0.033,nan,2019.0,2020-07-21,525.0,nan,GJ 357,nan,0.006566,0.20822,3.93086,0.047,nan,nan
26,GJ 486 b,,,,,,,,,,Confirmed,0.01734,nan,2021.0,2023-05-02,700.0,nan,GJ 486,nan,0.00887,0.23286,1.467119,0.05,nan,H2O
27,GJ 9827 b,,,,,,,,,,Confirmed,0.01866,nan,2017.0,2020-09-09,1043.5,nan,GJ 9827,nan,0.01532,0.27282,1.2089765,0.0,nan,nan
28,GJ 9827 d,,,,,,,,,,Confirmed,0.0555,nan,2017.0,2020-09-09,604.9,nan,GJ 9827,nan,0.01076,0.34882,6.20183,0.0,nan,nan
29,GPX-1 b,,,,,,,,,,Confirmed,0.0338,nan,2020.0,2020-09-28,2300.0,nan,GPX-1,0.27,19.7,2.94,1.744579,0.0,nan,nan
30,HAT-P-1 b,,,,,,,,,,Confirmed,0.05561,0.000398,2006.0,2022-07-27,1322.0,nan,HAT-P-1,3.6,0.525,2.638,4.46529976,0.067,nan,"H2O, K, Na"
31,HAT-P-11 b,,,,,,,,,,Confirmed,0.053,0.001395,2009.0,2022-07-07,750.0,nan,HAT-P-11,6.5,0.0736,0.778,4.887802443,0.265,nan,"C, H, H2O, He"
32,HAT-P-18 b,,,,,,,,,,Confirmed,0.0559,0.000337,2010.0,2022-07-07,841.0,nan,HAT-P-18,12.4,0.183,1.894,5.508029,0.106,2.734,"H2O, He"
33,HAT-P-26 b,,,,,,,,,,Confirmed,0.0479,0.000357,2010.0,2023-03-08,590.0,nan,HAT-P-26,9.0,0.0585,1.14,4.234502,0.124,nan,"CH4, CO, CO2, CrH, H2O, ScH, TiH"
34,HAT-P-42 b,,,,,,,,,,Confirmed,0.0575,nan,2012.0,2018-12-17,1427.0,nan,HAT-P-42,5.1,0.975,2.554,4.641876,0.0,3.17,nan
35,HAT-P-43 b,,,,,,,,,,Confirmed,0.0443,nan,2012.0,2018-12-17,1361.0,nan,HAT-P-43,5.7,0.66,2.566,3.332688,0.0,nan,nan
36,HAT-P-49 b,,,,,,,,,,Confirmed,0.0438,nan,2014.0,2014-05-21,2131.0,nan,HAT-P-49,1.5,1.73,2.826,2.691548,0.0,nan,nan
37,HAT-P-50 b,,,,,,,,,,Confirmed,0.0453,nan,2015.0,2015-07-27,1862.0,nan,HAT-P-50,3.37,1.36,2.576,3.1220109,0.115,nan,nan
38,HAT-P-51 b,,,,,,,,,,Confirmed,0.05069,nan,2015.0,2015-08-17,1192.0,nan,HAT-P-51,8.2,0.309,2.586,4.2180278,0.123,nan,nan
39,HAT-P-52 b,,,,,,,,,,Confirmed,0.03694,nan,2015.0,2018-12-17,1218.0,nan,HAT-P-52,9.4,0.819,2.018,2.7535953,0.047,nan,nan
40,HAT-P-53 b,,,,,,,,,,Confirmed,0.03159,nan,2015.0,2015-08-17,1778.0,nan,HAT-P-53,4.67,1.487,2.636,1.9616241,0.134,nan,nan
41,HAT-P-55 b,,,,,,,,,,Confirmed,0.04604,nan,2015.0,2015-08-17,1313.0,nan,HAT-P-55,4.2,0.582,2.364,3.5852467,0.139,nan,nan
42,HAT-P-56 b,,,,,,,,,,Confirmed,0.0423,nan,2015.0,2021-02-05,1840.0,nan,HAT-P-56,2.01,2.31,3.02,2.79083,0.246,nan,nan
43,HAT-P-57 b,,,,,,,,,,Confirmed,0.0406,nan,2015.0,2015-11-04,2200.0,nan,HAT-P-57,1.0,1.85,2.826,2.465295,0.0,nan,nan
44,HAT-P-58 b,,,,,,,,,,Confirmed,0.04994,nan,2020.0,2020-07-15,1622.0,nan,HAT-P-58,7.11,0.372,2.664,4.013837,0.073,nan,nan
45,HAT-P-59 b,,,,,,,,,,Confirmed,0.05064,nan,2020.0,2020-07-15,1277.0,nan,HAT-P-59,7.3,1.54,2.246,4.1419771,0.03,nan,nan
46,HAT-P-60 b,,,,,,,,,,Confirmed,0.06277,nan,2020.0,2020-07-15,1772.0,nan,HAT-P-60,2.765,0.574,3.262,4.7947813,0.25,nan,nan
47,HAT-P-62 b,,,,,,,,,,Confirmed,0.03772,nan,2020.0,2020-07-15,1512.0,nan,HAT-P-62,8.1,0.761,2.146,2.6453235,0.1,nan,nan
48,HAT-P-63 b,,,,,,,,,,Confirmed,0.04294,nan,2020.0,2020-07-15,1237.0,nan,HAT-P-63,9.0,0.614,2.238,3.377728,0.069,nan,nan
49,HAT-P-65 b,,,,,,,,,,Confirmed,0.03951,nan,2016.0,2016-09-12,1930.0,nan,HAT-P-65,5.46,0.527,3.78,2.6054552,0.3,nan,nan
50,HAT-P-67 b,,,,,,,,,,Confirmed,0.06505,nan,2017.0,2017-02-07,1903.0,nan,HAT-P-67,1.24,0.34,4.17,4.81010205,0.24,nan,nan
51,HAT-P-68 b,,,,,,,,,,Confirmed,0.02996,nan,2020.0,2020-11-02,1028.0,nan,HAT-P-68,11.1,0.724,2.144,2.29840551,0.041,nan,nan
52,HAT-P-69 b,,,,,,,,,,Confirmed,0.06555,nan,2019.0,2020-03-04,1990.0,nan,HAT-P-69,1.27,3.58,3.352,4.7869491,0.0,nan,nan
53,HAT-P-7 b,,,,,,,,,,Confirmed,0.0379,0.000118,2008.0,2020-04-20,2121.0,nan,HAT-P-7,2.07,1.741,2.862,2.204735471,0.0,nan,"Al2O3, CaTiO3, TiO2"
54,HAT-P-70 b,,,,,,,,,,Confirmed,0.04739,nan,2019.0,2021-12-08,2562.0,nan,HAT-P-70,0.6,6.78,3.74,2.74432452,0.0,nan,"Ca, Cr, Fe I, H, Mg, Na, V"
55,HATS-10 b,,,,,,,,,,Confirmed,0.0449,nan,2015.0,2015-08-17,1407.0,nan,HATS-10,3.3,0.526,1.938,3.312846,0.5,nan,nan
56,HATS-11 b,,,,,,,,,,Confirmed,0.0507,nan,2016.0,2021-02-05,1596.0,nan,HATS-11,7.7,0.85,3.218,3.619188,0.34,nan,nan
57,HATS-12 b,,,,,,,,,,Confirmed,0.0441,nan,2016.0,2021-02-05,1446.0,nan,HATS-12,2.36,2.38,1.384,3.142702,0.085,nan,nan
58,HATS-13 b,,,,,,,,,,Confirmed,0.04057,nan,2015.0,2022-10-31,1244.0,nan,HATS-13,2.5,0.543,2.424,3.0440499,0.18,nan,nan
59,HATS-17 b,,,,,,,,,,Confirmed,0.1308,nan,2016.0,2016-05-06,814.0,nan,HATS-17,2.1,1.338,1.554,16.254611,0.029,nan,nan
60,HATS-18 b,,,,,,,,,,Confirmed,0.01761,nan,2016.0,2016-06-06,2060.0,nan,HATS-18,4.2,1.98,2.674,0.8378434,0.166,nan,nan
61,HATS-19 b,,,,,,,,,,Confirmed,0.0589,nan,2016.0,2016-07-11,1570.0,nan,HATS-19,3.94,0.427,3.32,4.569673,0.3,nan,nan
62,HATS-20 b,,,,,,,,,,Confirmed,0.04619,nan,2016.0,2016-07-11,1147.0,nan,HATS-20,6.4,0.273,1.552,3.7992969,0.5,nan,nan
63,HATS-21 b,,,,,,,,,,Confirmed,0.04676,nan,2016.0,2016-07-28,1284.0,nan,HATS-21,2.3,0.332,2.246,3.5543973,0.0,nan,nan
64,HATS-22 b,,,,,,,,,,Confirmed,0.05025,nan,2016.0,2016-07-11,858.0,nan,HATS-22,4.6,2.74,1.906,4.7228124,0.079,nan,nan
65,HATS-23 b,,,,,,,,,,Confirmed,0.03397,nan,2015.0,2016-07-11,1654.0,nan,HATS-23,4.2,1.47,3.72,2.1605156,0.114,nan,nan
66,HATS-24 b,,,,,,,,,,Confirmed,0.02547,nan,2016.0,2016-07-11,2067.0,nan,HATS-24,0.88,2.44,2.974,1.3484954,0.24,nan,nan
67,HATS-31 b,,,,,,,,,,Confirmed,0.0478,nan,2016.0,2016-07-11,1823.0,nan,HATS-31,4.3,0.88,3.28,3.37796,0.233,nan,nan
68,HATS-32 b,,,,,,,,,,Confirmed,0.04024,nan,2016.0,2016-07-11,1437.0,nan,HATS-32,3.5,0.92,2.498,2.8126548,0.471,nan,nan
69,HATS-33 b,,,,,,,,,,Confirmed,0.03727,nan,2016.0,2016-07-11,1429.0,nan,HATS-33,3.0,1.192,2.46,2.5495551,0.08,nan,nan
70,HATS-34 b,,,,,,,,,,Confirmed,0.03166,nan,2016.0,2022-10-31,1445.0,nan,HATS-34,7.7,0.941,2.86,2.1061607,0.0,nan,nan
71,HATS-35 b,,,,,,,,,,Confirmed,0.03199,nan,2016.0,2016-07-11,2037.0,nan,HATS-35,2.13,1.222,2.928,1.8209933,0.0,nan,nan
72,HATS-37A b,,,,,,,,,,Confirmed,0.04913,nan,2020.0,2020-07-15,1085.0,nan,HATS-37A,11.46,0.099,1.212,4.3315366,0.345,nan,nan
73,HATS-38 b,,,,,,,,,,Confirmed,0.05036,nan,2020.0,2020-07-15,1294.0,nan,HATS-38,11.89,0.074,1.228,4.375021,0.122,nan,nan
74,HATS-39 b,,,,,,,,,,Confirmed,0.06,nan,2018.0,2018-05-14,1645.0,nan,HATS-39,2.06,0.63,3.14,4.5776348,0.275,nan,nan
75,HATS-4 b,,,,,,,,,,Confirmed,0.0362,nan,2014.0,2014-05-21,1315.0,nan,HATS-4,2.1,1.323,2.04,2.516729,0.013,nan,nan
76,HATS-40 b,,,,,,,,,,Confirmed,0.04997,nan,2018.0,2018-04-16,2100.0,nan,HATS-40,2.07,1.59,3.16,3.2642736,0.312,nan,nan
77,HATS-41 b,,,,,,,,,,Confirmed,0.0583,nan,2018.0,2018-04-16,1710.0,nan,HATS-41,1.34,9.7,2.66,4.193649,0.38,nan,nan
78,HATS-42 b,,,,,,,,,,Confirmed,0.03689,nan,2018.0,2018-04-16,1856.0,nan,HATS-42,3.26,1.88,2.8,2.292102,0.229,nan,nan
79,HATS-47 b,,,,,,,,,,Confirmed,0.04269,nan,2020.0,2020-02-17,852.9,nan,HATS-47,8.1,0.369,2.234,3.9228038,0.088,nan,nan
80,HATS-48A b,,,,,,,,,,Confirmed,0.03769,nan,2020.0,2020-02-17,954.6,nan,HATS-48A,11.97,0.243,1.6,3.1316666,0.162,nan,nan
81,HATS-49 b,,,,,,,,,,Confirmed,0.04515,nan,2020.0,2020-02-17,834.8,nan,HATS-49,10.5,0.353,1.53,4.1480467,0.071,nan,nan
82,HATS-50 b,,,,,,,,,,Confirmed,0.05046,nan,2017.0,2017-12-15,1348.0,nan,HATS-50,1.2,0.39,2.26,3.8297015,0.516,nan,nan
83,HATS-51 b,,,,,,,,,,Confirmed,0.04639,nan,2017.0,2017-12-15,1553.0,nan,HATS-51,4.74,0.768,2.82,3.3488702,0.33,nan,nan
84,HATS-52 b,,,,,,,,,,Confirmed,0.02498,nan,2017.0,2017-12-15,1834.0,nan,HATS-52,1.2,2.24,2.764,1.3665436,0.246,nan,nan
85,HATS-53 b,,,,,,,,,,Confirmed,0.04753,nan,2017.0,2017-12-15,1312.0,nan,HATS-53,8.0,0.595,2.68,3.8537768,0.33,nan,nan
86,HATS-54 b,,,,,,,,,,Confirmed,0.037,nan,2018.0,2022-11-03,1420.0,nan,HATS-54,7.96,0.753,2.03,2.5441765,0.126,nan,nan
87,HATS-56 b,,,,,,,,,,Confirmed,0.06043,nan,2018.0,2018-12-20,1902.0,nan,HATS-56,1.894,0.602,3.376,4.324799,0.019,nan,nan
88,HATS-59 b,,,,,,,,,,Confirmed,0.06112,nan,2018.0,2018-05-16,1128.0,nan,HATS-59,4.3,0.806,2.252,5.416081,0.129,nan,nan
89,HATS-60 b,,,,,,,,,,Confirmed,0.04708,nan,2018.0,2021-03-29,1528.0,nan,HATS-60,7.53,0.662,2.306,3.560829,0.191,nan,nan
90,HATS-61 b,,,,,,,,,,Confirmed,0.07908,nan,2018.0,2021-03-29,1226.0,nan,HATS-61,8.93,3.4,2.39,7.817953,0.092,nan,nan
91,HATS-62 b,,,,,,,,,,Confirmed,0.04163,nan,2018.0,2021-03-29,1237.0,nan,HATS-62,8.0,0.179,2.11,3.2768837,0.298,nan,nan
92,HATS-63 b,,,,,,,,,,Confirmed,0.04026,nan,2018.0,2021-03-29,1398.0,nan,HATS-63,10.4,0.96,2.414,3.0566527,0.136,nan,nan
93,HATS-64 b,,,,,,,,,,Confirmed,0.06562,nan,2018.0,2021-03-29,1793.0,nan,HATS-64,1.86,0.96,3.358,4.908897,0.151,nan,nan
94,HATS-65 b,,,,,,,,,,Confirmed,0.04497,nan,2018.0,2021-03-29,1634.0,nan,HATS-65,1.42,0.821,3.002,3.105161,0.062,nan,nan
95,HATS-66 b,,,,,,,,,,Confirmed,0.04714,nan,2018.0,2021-03-29,1998.0,nan,HATS-66,2.29,5.33,2.822,3.1414391,0.064,nan,nan
96,HATS-68 b,,,,,,,,,,Confirmed,0.05071,nan,2018.0,2021-07-06,1741.0,nan,HATS-68,3.14,1.29,2.4642,3.5862202,0.036,nan,nan
97,HATS-69 b,,,,,,,,,,Confirmed,0.03211,nan,2018.0,2021-03-29,1295.7,nan,HATS-69,8.0,0.577,1.89,2.2252577,0.519,nan,nan
98,HATS-72 b,,,,,,,,,,Confirmed,0.066517,nan,2020.0,2020-02-17,739.3,nan,HATS-72,12.17,0.1254,1.4448,7.3279474,0.013,nan,nan
99,HATS-74A b,,,,,,,,,,Confirmed,0.02384,nan,2021.0,2021-12-06,895.0,nan,HATS-74A,11.0,1.46,2.064,1.73185606,0.044,nan,nan
100,HATS-75 b,,,,,,,,,,Confirmed,0.032742,nan,2021.0,2021-12-15,772.0,nan,HATS-75,14.9,0.491,1.768,2.7886556,0.064,nan,nan
101,HATS-76 b,,,,,,,,,,Confirmed,0.02658,nan,2021.0,2021-12-06,940.0,nan,HATS-76,4.6,2.629,2.158,1.9416423,0.062,nan,nan
102,HATS-77 b,,,,,,,,,,Confirmed,0.03607,nan,2021.0,2021-12-06,828.0,nan,HATS-77,12.1,1.374,2.33,3.0876262,0.045,nan,nan
103,HATS-8 b,,,,,,,,,,Confirmed,0.04667,nan,2015.0,2015-06-04,1324.0,nan,HATS-8,5.1,0.138,1.746,3.583893,0.38,nan,nan
104,HATS-9 b,,,,,,,,,,Confirmed,0.0312,nan,2015.0,2021-02-05,1746.0,nan,HATS-9,10.8,0.839,2.472,1.915291,0.129,nan,nan
105,HD 106315 b,,,,,,,,,,Confirmed,0.0907,nan,2017.0,2021-02-05,1153.0,nan,HD 106315,4.48,0.03964,0.436,9.55237,0.093,nan,nan
106,HD 106315 c,,,,,,,,,,Confirmed,0.1536,nan,2017.0,2021-02-05,886.0,nan,HD 106315,4.48,0.04782,0.776,21.05704,0.22,nan,nan
107,HD 110113 b,,,,,,,,,,Confirmed,0.035,nan,2021.0,2022-06-07,1371.0,nan,HD 110113,nan,0.01432,0.3658,2.541,0.093,nan,nan
108,HD 118203 b,,,,,,,,,,Confirmed,0.07082,0.00079,2005.0,2019-11-14,1496.0,nan,HD 118203,4.6,2.173,2.266,6.13498,0.316,nan,nan
109,HD 136352 b,,,,,,,,,,Confirmed,0.0963,0.006304,2011.0,2023-02-06,911.0,nan,HD 136352,nan,0.01472,0.29316,11.577794,0.079,nan,nan
110,HD 136352 c,,,,,,,,,,Confirmed,0.1717,0.01125,2011.0,2023-02-06,682.0,nan,HD 136352,nan,0.0353,0.50978,27.592076,0.037,nan,nan
111,HD 136352 d,,,,,,,,,,Confirmed,0.424,0.02777,2011.0,2023-02-06,433.0,nan,HD 136352,nan,0.02725,0.44732,107.1363,0.075,nan,nan
112,HD 137496 b,,,,,,,,,,Confirmed,0.02732,nan,2021.0,2021-11-30,2130.0,nan,HD 137496,nan,0.01271,0.2338,1.62116,0.0,nan,nan
113,HD 1397 b,,,,,,,,,,Confirmed,0.1097,nan,2018.0,2021-03-26,1228.3,nan,HD 1397,4.52,0.415,2.052,11.53533,0.251,nan,nan
114,HD 191939 b,,,,,,,,,,Confirmed,0.078,nan,2020.0,2023-06-02,893.0,nan,HD 191939,7.0,0.0327,0.6048,8.88029,0.0,nan,nan
115,HD 191939 c,,,,,,,,,,Confirmed,0.17,nan,2020.0,2023-06-02,605.0,nan,HD 191939,7.0,0.0227,0.5496,28.5805,0.0,nan,nan
116,HD 191939 d,,,,,,,,,,Confirmed,0.207,nan,2020.0,2023-06-02,549.0,nan,HD 191939,7.0,0.0182,0.5424,38.3525,0.0,nan,nan
117,HD 202772 A b,,,,,,,,,,Confirmed,0.0519,nan,2018.0,2018-10-05,2132.0,nan,HD 202772 A,1.8,1.008,3.124,3.30896,0.047,nan,nan
118,HD 20329 b,,,,,,,,,,Confirmed,0.018,nan,2022.0,2022-11-07,2000.0,nan,HD 20329,11.0,0.02335,0.3068,0.926118,0.0,nan,nan
119,HD 207496 b,,,,,,,,,,Confirmed,0.0629,nan,2023.0,2023-03-08,743.0,nan,HD 207496,0.52,0.0192,0.4014,6.441008,0.23,nan,nan
120,HD 213885 b,,,,,,,,,,Confirmed,0.02012,nan,2019.0,2019-03-25,2128.0,nan,HD 213885,3.8,0.02778,0.31136,1.008035,0.0,nan,nan
121,HD 219666 b,,,,,,,,,,Confirmed,0.06356,nan,2018.0,2023-01-20,1073.0,nan,HD 219666,10.0,0.0522,0.8404,6.03607,0.0,nan,nan
122,HD 22946 b,,,,,,,,,,Confirmed,0.05727,nan,2022.0,2023-06-15,1241.0,nan,HD 22946,5.0,0.00821,0.24302,4.040295,0.126,nan,nan
123,HD 22946 c,,,,,,,,,,Confirmed,0.1017,nan,2022.0,2023-06-15,931.0,nan,HD 22946,5.0,0.0208,0.41538,9.573083,0.16,nan,nan
124,HD 23472 b,,,,,,,,,,Confirmed,0.1162,nan,2018.0,2022-10-15,543.0,nan,HD 23472,nan,0.02618,0.33402,17.667087,0.072,nan,nan
125,HD 23472 c,,,,,,,,,,Confirmed,0.1646,nan,2018.0,2022-10-15,467.0,nan,HD 23472,nan,0.01073,0.3336,29.79749,0.063,nan,nan
126,HD 23472 d,,,,,,,,,,Confirmed,0.04298,nan,2019.0,2022-10-15,909.0,nan,HD 23472,nan,0.00173,0.1338,3.97664,0.07,nan,nan
127,HD 23472 f,,,,,,,,,,Confirmed,nan,nan,2019.0,2022-10-15,630.0,nan,HD 23472,nan,0.00242,0.20288,12.1621839,0.07,nan,nan
128,HD 260655 b,,,,,,,,,,Confirmed,0.02933,nan,2022.0,2022-04-22,709.0,nan,HD 260655,5.0,0.00673,0.2212,2.76953,0.039,nan,nan
129,HD 260655 c,,,,,,,,,,Confirmed,0.04749,nan,2022.0,2022-04-22,557.0,nan,HD 260655,5.0,0.00972,0.27354,5.70588,0.038,nan,nan
130,HD 2685 b,,,,,,,,,,Confirmed,0.0568,nan,2018.0,2018-11-30,2061.0,nan,HD 2685,1.3,1.18,2.88,4.12692,0.0,nan,nan
131,HD 3167 c,,,,,,,,,,Confirmed,0.1841,nan,2016.0,2022-03-09,531.0,nan,HD 3167,5.0,0.0308,0.51,29.83832,0.267,nan,nan
132,HD 5278 b,,,,,,,,,,Confirmed,0.12,nan,2021.0,2021-02-19,943.0,nan,HD 5278,3.0,0.0245,0.4372,14.33902,0.08,nan,nan
133,HD 63935 b,,,,,,,,,,Confirmed,nan,nan,2021.0,2021-10-14,911.0,nan,HD 63935,nan,0.034,0.5336,9.058811,0.0,nan,nan
134,HD 63935 c,,,,,,,,,,Confirmed,nan,nan,2021.0,2021-10-14,684.0,nan,HD 63935,nan,0.0349,0.518,21.4023,0.0,nan,nan
135,HD 73583 b,,,,,,,,,,Confirmed,0.0604,nan,2021.0,2022-07-29,721.0,nan,HD 73583,0.75,0.0321,0.4978,6.398042,0.105,nan,nan
136,HD 73583 c,,,,,,,,,,Confirmed,0.1233,nan,2021.0,2021-12-29,503.0,nan,HD 73583,0.75,0.0302,0.4872,18.8805,0.093,nan,nan
137,HD 89345 b,,,,,,,,,,Confirmed,0.105,nan,2018.0,2018-08-17,1053.0,nan,HD 89345,9.4,0.1123,1.224,11.81399,0.203,nan,nan
138,HD 95338 b,,,,,,,,,,Confirmed,0.231,nan,2020.0,2020-03-27,402.0,nan,HD 95338,5.08,0.12406,0.7102,55.086,0.199,nan,nan
139,HD 97658 b,,,,,,,,,,Confirmed,0.08,0.003777,2010.0,2020-04-09,809.0,nan,HD 97658,nan,0.02457,0.40094,9.489295,0.03,nan,"C, O"
140,HIP 116454 b,,,,,,,,,,Confirmed,0.098,nan,2014.0,2015-06-14,690.0,nan,HIP 116454,nan,0.0372,0.452,9.1265,0.205,nan,nan
141,HIP 41378 f,,,,,,,,,,Confirmed,1.37,nan,2016.0,2023-03-28,335.0,nan,HIP 41378,nan,0.038,1.642,542.07975,0.004,nan,nan
142,HIP 65A b,,,,,,,,,,Confirmed,0.01782,nan,2020.0,2020-03-13,1411.0,nan,HIP 65A,4.1,3.213,4.06,0.9809734,0.0,nan,nan
143,HIP 67522 b,,,,,,,,,,Confirmed,nan,nan,2020.0,2021-09-10,1174.0,nan,HIP 67522,0.017,5.0,1.7968,6.959503,0.059,nan,nan
144,HIP 94235 b,,,,,,,,,,Confirmed,0.0787,nan,2022.0,2022-09-28,1060.0,nan,HIP 94235,0.1,1.192,0.5724,7.712121,0.32,nan,nan
145,HIP 97166 b,,,,,,,,,,Confirmed,0.089,nan,2021.0,2021-10-13,757.0,nan,HIP 97166,3.33,0.063,0.4888,10.28891,0.16,nan,nan
146,K2-106 b,,,,,,,,,,Confirmed,0.0134,nan,2016.0,2021-12-01,2119.0,nan,EPIC 220674823,5.0,0.0263,0.324,0.571331,0.0,nan,nan
147,K2-106 c,,,,,,,,,,Confirmed,0.1091,nan,2016.0,2021-12-01,741.0,nan,EPIC 220674823,5.0,0.018,0.488,13.339079,0.18,nan,nan
148,K2-108 b,,,,,,,,,,Confirmed,0.0581,nan,2017.0,2021-02-05,1360.0,nan,K2-108,7.8,0.187,0.952,4.733999,0.18,nan,nan
149,K2-110 b,,,,,,,,,,Confirmed,0.1027,nan,2017.0,2021-02-05,575.0,nan,K2-110,8.0,0.0525,0.456,13.86387,0.079,nan,nan
150,K2-111 b,,,,,,,,,,Confirmed,0.057,nan,2017.0,2021-02-05,1309.0,nan,K2-111,12.3,0.01664,0.324,5.3518,0.13,nan,nan
151,K2-113 b,,,,,,,,,,Confirmed,0.0642,nan,2017.0,2021-02-05,1098.0,nan,K2-113,5.9,1.28,2.166,5.817685,0.0,nan,nan
152,K2-114 b,,,,,,,,,,Confirmed,0.0954,nan,2017.0,2021-02-05,661.0,nan,K2-114,9.9,1.85,1.904,11.391013,0.0,nan,nan
153,K2-124 b,,,,,,,,,,Confirmed,0.049,nan,2017.0,2021-02-05,442.0,nan,K2-124,nan,0.033,0.518,6.413651,0.08,nan,nan
154,K2-137 b,,,,,,,,,,Confirmed,0.0058,nan,2017.0,2021-02-05,1471.0,nan,K2-137,nan,0.5,0.158,0.179715,0.0,nan,nan
155,K2-138 b,,,,,,,,,,Confirmed,0.0338,nan,2017.0,2021-03-26,1308.0,nan,K2-138,nan,0.0098,0.28,2.35322,0.403,nan,nan
156,K2-138 c,,,,,,,,,,Confirmed,0.04454,nan,2017.0,2021-03-26,1140.0,nan,K2-138,nan,0.0198,0.45,3.55987,0.296,nan,nan
157,K2-138 d,,,,,,,,,,Confirmed,0.05883,nan,2017.0,2021-03-26,992.0,nan,K2-138,nan,0.0249,0.474,5.40478,0.348,nan,nan
158,K2-138 e,,,,,,,,,,Confirmed,0.07807,nan,2017.0,2021-03-26,861.0,nan,K2-138,nan,0.0409,0.588,8.26144,0.315,nan,nan
159,K2-138 f,,,,,,,,,,Confirmed,0.1043,nan,2017.0,2021-03-26,745.0,nan,K2-138,nan,0.005,0.502,12.75759,0.364,nan,nan
160,K2-138 g,,,,,,,,,,Confirmed,0.231,nan,2018.0,2019-10-01,518.0,nan,K2-138,nan,0.0135,0.5376,41.96797,0.059,nan,nan
161,K2-139 b,,,,,,,,,,Confirmed,0.1796,nan,2017.0,2021-02-05,524.0,nan,K2-139,1.8,0.381,1.626,28.380619,0.0,nan,nan
162,K2-140 b,,,,,,,,,,Confirmed,0.0687,nan,2017.0,2021-02-05,957.0,nan,K2-140,9.8,0.93,2.186,6.56918,0.12,nan,nan
163,K2-141 b,,,,,,,,,,Confirmed,nan,nan,2018.0,2021-02-05,2039.0,nan,K2-141 ,6.3,0.01598,0.27,0.2803244,0.0,nan,nan
164,K2-18 b,,,,,,,,,,Confirmed,0.1429,nan,2015.0,2021-02-05,284.0,nan,K2-18,nan,0.02807,0.422,32.939623,0.2,nan,"CH4, H2O, NH3"
165,K2-182 b,,,,,,,,,,Confirmed,0.0526,nan,2018.0,2021-10-15,969.0,nan,K2-182,nan,0.063,0.48,4.7369683,0.04,nan,nan
166,K2-199 b,,,,,,,,,,Confirmed,0.0382,nan,2018.0,2021-10-15,913.0,nan,K2-199,nan,0.0217,0.3086,3.2253993,0.02,nan,nan
167,K2-199 c,,,,,,,,,,Confirmed,0.0662,nan,2018.0,2021-10-15,694.0,nan,K2-199,nan,0.039,0.5086,7.3744897,0.03,nan,nan
168,K2-216 b,,,,,,,,,,Confirmed,0.028,nan,2018.0,2021-02-05,1103.0,nan,K2-216,nan,0.02517,0.312,2.1748,0.0,nan,nan
169,K2-222 b,,,,,,,,,,Confirmed,0.1211,nan,2018.0,2021-11-05,878.0,nan,K2-222,nan,0.025,0.4194,15.3885,0.16,nan,nan
170,K2-232 b,,,,,,,,,,Confirmed,0.10356,nan,2018.0,2021-05-28,1030.0,nan,K2-232,1.43,0.398,2.0,11.168454,0.258,nan,nan
171,K2-233 b,,,,,,,,,,Confirmed,0.03317,nan,2018.0,2021-02-05,1040.0,nan,K2-233,0.36,0.0104,0.25,2.46746,0.0,nan,nan
172,K2-233 d,,,,,,,,,,Confirmed,0.1527,nan,2018.0,2021-02-05,482.0,nan,K2-233,0.36,0.0261,0.472,24.3662,0.0,nan,nan
173,K2-237 b,,,,,,,,,,Confirmed,0.0353,nan,2018.0,2021-02-05,1838.0,nan,K2-237,nan,1.236,3.284,2.1805577,0.0,nan,nan
174,K2-238 b,,,,,,,,,,Confirmed,0.046,nan,2018.0,2021-02-05,1587.0,nan,K2-238,5.63,0.86,2.6,3.20466,0.0,nan,nan
175,K2-24 b,,,,,,,,,,Confirmed,0.154,nan,2016.0,2021-02-05,709.0,nan,K2-24,5.0,0.05978,0.964,20.88977,0.06,nan,nan
176,K2-24 c,,,,,,,,,,Confirmed,0.247,nan,2016.0,2021-02-05,560.0,nan,K2-24,5.0,0.04845,1.338,42.3391,0.07,nan,nan
177,K2-25 b,,,,,,,,,,Confirmed,nan,nan,2015.0,2021-02-05,345.7,nan,K2-25,nan,0.0771,0.612,3.484552,0.27,nan,nan
178,K2-260 b,,,,,,,,,,Confirmed,0.0404,nan,2018.0,2021-02-05,1957.0,nan,K2-260,1.9,1.42,3.104,2.6266657,0.0,nan,nan
179,K2-261 b,,,,,,,,,,Confirmed,0.102,nan,2018.0,2021-02-05,1080.0,nan,K2-261,8.8,0.223,1.7,11.63344,0.39,nan,nan
180,K2-266 c,,,,,,,,,,Confirmed,0.0679,nan,2018.0,2021-02-05,665.0,nan,K2-266,8.4,0.00091,0.126,7.814,0.042,nan,nan
181,K2-266 d,,,,,,,,,,Confirmed,0.1035,nan,2018.0,2021-02-05,538.0,nan,K2-266,8.4,0.028,0.522,14.697,0.047,nan,nan
182,K2-266 e,,,,,,,,,,Confirmed,0.1249,nan,2018.0,2021-02-05,490.0,nan,K2-266,8.4,0.04499,0.488,19.482,0.043,nan,nan
183,K2-27 b,,,,,,,,,,Confirmed,0.06702,nan,2016.0,2021-02-05,902.0,nan,K2-27,10.3,0.09722,0.8,6.771315,0.251,nan,nan
184,K2-280 b,,,,,,,,,,Confirmed,0.1488,nan,2018.0,2021-02-05,744.0,nan,K2-280,8.96,0.1167,1.368,19.895202,0.35,nan,nan
185,K2-285 b,,,,,,,,,,Confirmed,0.03817,nan,2018.0,2021-02-05,1089.0,nan,K2-285,nan,0.03046,0.462,3.471745,0.0,nan,nan
186,K2-285 c,,,,,,,,,,Confirmed,0.0824,nan,2018.0,2021-02-05,741.0,nan,K2-285,nan,0.04933,0.63,7.138048,0.0,nan,nan
187,K2-285 d,,,,,,,,,,Confirmed,0.1178,nan,2018.0,2021-02-05,620.0,nan,K2-285,nan,0.02045,0.442,10.45582,0.0,nan,nan
188,K2-285 e,,,,,,,,,,Confirmed,0.18041,nan,2018.0,2021-02-05,501.0,nan,K2-285,nan,0.03367,0.348,14.76289,0.0,nan,nan
189,K2-287 b,,,,,,,,,,Confirmed,0.1206,nan,2018.0,2021-02-05,804.0,nan,K2-287,4.5,0.315,1.694,14.893291,0.478,nan,nan
190,K2-29 b,,,,,,,,,,Confirmed,0.04217,nan,2016.0,2021-02-05,1171.0,nan,K2-29,2.6,0.73,2.38,3.2588321,0.066,nan,nan
191,K2-290 b,,,,,,,,,,Confirmed,0.0923,nan,2019.0,2021-02-16,1230.0,nan,K2-290,4.0,0.0343,0.546,9.21165,0.0,nan,nan
192,K2-290 c,,,,,,,,,,Confirmed,0.305,nan,2019.0,2021-02-16,676.0,nan,K2-290,4.0,0.774,2.012,48.36685,0.0,nan,nan
193,K2-292 b,,,,,,,,,,Confirmed,0.13,nan,2019.0,2021-02-05,795.0,nan,K2-292,6.8,0.07709,0.47,16.9841,0.04,nan,nan
194,K2-295 b,,,,,,,,,,Confirmed,0.0451,nan,2018.0,2021-02-05,852.0,nan,K2-295,nan,0.335,1.794,4.024867,0.0,nan,nan
195,K2-3 b,,,,,,,,,,Confirmed,0.0775,nan,2015.0,2022-07-27,463.0,nan,K2-3,1.0,0.02039,0.388,10.054626,0.0,nan,H2O
196,K2-3 c,,,,,,,,,,Confirmed,0.1405,nan,2015.0,2022-07-27,344.0,nan,K2-3,1.0,0.00673,0.33,24.646582,0.0,nan,H2O
197,K2-3 d,,,,,,,,,,Confirmed,0.2086,nan,2015.0,2022-07-27,282.0,nan,K2-3,1.0,0.00881,0.27,44.55646,0.0,nan,H2O
198,K2-30 b,,,,,,,,,,Confirmed,0.04839,nan,2016.0,2021-02-05,1092.0,nan,K2-30,3.9,0.579,2.078,4.098503,0.0,nan,nan
199,K2-314 b,,,,,,,,,,Confirmed,0.047,nan,2020.0,2021-12-01,1616.0,nan,EPIC 249893012,9.0,0.02753,0.348,3.5951,0.06,nan,nan
200,K2-314 c,,,,,,,,,,Confirmed,0.13,nan,2020.0,2021-12-01,990.0,nan,EPIC 249893012,9.0,0.04616,0.6548,15.624,0.07,nan,nan
201,K2-314 d,,,,,,,,,,Confirmed,0.22,nan,2020.0,2021-12-01,752.0,nan,EPIC 249893012,9.0,0.03203,0.703,35.747,0.15,nan,nan
202,K2-32 b,,,,,,,,,,Confirmed,0.08035,nan,2016.0,2021-02-05,837.0,nan,K2-32,nan,0.047,0.886,8.991828,0.03,nan,nan
203,K2-32 c,,,,,,,,,,Confirmed,0.1399,nan,2016.0,2021-02-05,634.0,nan,K2-32,nan,0.0255,0.488,20.66186,0.049,nan,nan
204,K2-32 d,,,,,,,,,,Confirmed,0.1862,nan,2016.0,2021-02-05,550.0,nan,K2-32,nan,0.0211,0.584,31.7142,0.05,nan,nan
205,K2-32 e,,,,,,,,,,Confirmed,0.04951,nan,2019.0,2021-02-05,1066.0,nan,K2-32,nan,0.0066,0.18,4.34882,0.043,nan,nan
206,K2-34 b,,,,,,,,,,Confirmed,0.0426,nan,2016.0,2021-02-05,1559.0,nan,K2-34,nan,1.78,2.49,2.995633,0.0,nan,nan
207,K2-36 b,,,,,,,,,,Confirmed,0.0223,nan,2016.0,2021-02-05,1224.0,nan,K2-36,1.4,0.01227,0.256,1.422614,0.0,nan,nan
208,K2-36 c,,,,,,,,,,Confirmed,0.054,nan,2016.0,2021-08-23,788.0,nan,K2-36,1.4,0.02454,0.5566,5.3410507,0.0,nan,nan
209,K2-38 b,,,,,,,,,,Confirmed,0.04994,nan,2016.0,2021-02-05,1266.0,nan,K2-38,nan,0.06,0.34,4.01593,0.197,nan,nan
210,K2-38 c,,,,,,,,,,Confirmed,0.0964,nan,2016.0,2021-02-05,858.0,nan,K2-38,nan,0.03115,0.432,10.56103,0.161,nan,nan
211,K2-415 b,,,,,,,,,,Confirmed,0.027,nan,2023.0,2023-02-06,400.0,nan,K2-415,nan,0.009,0.1811,4.0179694,0.03,nan,nan
212,K2-55 b,,,,,,,,,,Confirmed,0.03486,nan,2016.0,2021-02-05,900.0,nan,K2-55,nan,0.138,0.682,2.849258,0.124,nan,nan
213,K2-60 b,,,,,,,,,,Confirmed,0.045,nan,2016.0,2021-02-05,1400.0,nan,K2-60,10.0,0.426,1.366,3.00265,0.0,nan,nan
214,K2-95 b,,,,,,,,,,Confirmed,0.0696,nan,2016.0,2021-02-05,383.0,nan,K2-95,0.8,1.67,0.692,10.134016,0.16,nan,nan
215,K2-99 b,,,,,,,,,,Confirmed,0.153,nan,2016.0,2021-12-03,1184.0,nan,K2-99,2.4,0.87,2.092,18.24783,0.22,nan,nan
216,KELT-1 b,,,,,,,,,,Confirmed,0.02472,nan,2012.0,2018-08-15,2423.0,nan,KELT-1,1.75,27.23,2.3,1.217514,0.01,nan,nan
217,KELT-11 b,,,,,,,,,,Confirmed,0.06229,nan,2016.0,2022-09-02,1712.0,nan,KELT-11,nan,0.195,2.6,4.736529,0.0,nan,"H2O, Na"
218,KELT-18 b,,,,,,,,,,Confirmed,0.0455,nan,2017.0,2017-02-07,2120.0,nan,KELT-18,1.9,1.18,3.14,2.8717518,0.0,nan,nan
219,KELT-22A b,,,,,,,,,,Confirmed,0.0248,nan,2018.0,2020-03-06,1880.0,nan,Kelt-22A,5.0,3.69,2.4,1.38665318,0.0,nan,nan
220,KELT-8 b,,,,,,,,,,Confirmed,0.04571,nan,2015.0,2018-12-17,1675.0,nan,KELT-8,5.4,0.874,3.72,3.24406,0.035,nan,nan
221,KOI-1257 b,,,,,,,,,,Confirmed,0.382,nan,2014.0,2021-02-05,511.0,nan,KOI-1257,9.3,1.45,1.88,86.647661,0.772,nan,nan
222,KOI-13 b,,,,,,,,,,Confirmed,0.03641,nan,2011.0,2022-11-19,2550.0,2750.0,KOI-13,nan,9.28,3.024,1.763588,0.00064,nan,nan
223,KOI-1599.01,,,,,,,,,,Confirmed,0.14728,nan,2019.0,2021-02-05,755.0,nan,KOI-1599,nan,0.01447,0.34,20.4415,0.014,nan,nan
224,KOI-1599.02,,,,,,,,,,Confirmed,0.112293,nan,2019.0,2021-02-05,660.0,nan,KOI-1599,nan,0.02832,0.34,13.6088,0.0114,nan,nan
225,KOI-3680 b,,,,,,,,,,Confirmed,0.534,nan,2018.0,2021-02-05,347.0,nan,KOI-3680,3.2,1.93,1.98,141.241671,0.496,nan,nan
226,KOI-4777,,,,,,,,,,Confirmed,0.008,nan,2017.0,2023-01-23,1180.0,nan,KOI-4777,3.5,0.00107,0.091,0.412,0.0,nan,nan
227,KOI-984 b,,,,,,,,,,Confirmed,0.0504,nan,2017.0,2022-11-14,1022.0,nan,KOI-984,nan,0.0544,0.768,4.2881785,0.12,nan,nan
228,KPS-1 b,,,,,,,,,,Confirmed,0.0269,nan,2018.0,2018-04-17,1459.0,nan,KPS-1,nan,1.09,2.06,1.706291,0.0,nan,nan
229,Kepler-10 b,,,,,,,,,,Confirmed,0.0172,9.7e-05,2011.0,2021-02-05,2130.0,nan,Kepler-10,10.6,0.0145,0.264,0.837491,0.06,nan,nan
230,Kepler-10 c,,,,,,,,,,Confirmed,0.241,0.001391,2011.0,2021-02-05,584.0,nan,Kepler-10,10.6,0.02319,0.4194,45.2946,0.05,nan,nan
231,Kepler-105 b,,,,,,,,,,Confirmed,0.066,nan,2013.0,2021-02-05,1418.0,nan,Kepler-105,nan,0.016,0.858,5.4122,0.47,nan,nan
232,Kepler-107 b,,,,,,,,,,Confirmed,0.04544,nan,2014.0,2021-02-05,1593.0,nan,Kepler-107,4.29,0.01104,0.274,3.1800218,0.0,nan,nan
233,Kepler-107 c,,,,,,,,,,Confirmed,0.06064,nan,2014.0,2021-02-05,1379.0,nan,Kepler-107,4.29,0.02954,0.284,4.901452,0.0,nan,nan
234,Kepler-107 e,,,,,,,,,,Confirmed,0.12639,nan,2014.0,2021-02-05,955.0,nan,Kepler-107,4.29,0.02706,0.518,14.749143,0.0,nan,nan
235,Kepler-12 b,,,,,,,,,,Confirmed,0.0553,nan,2011.0,2021-02-05,1480.0,nan,Kepler-12,4.0,0.432,3.508,4.4379629,0.01,nan,nan
236,Kepler-15 b,,,,,,,,,,Confirmed,0.05714,nan,2011.0,2021-02-05,1225.0,nan,Kepler-15,3.7,0.66,1.92,4.942782,0.06,nan,nan
237,Kepler-1514 b,,,,,,,,,,Confirmed,0.753,nan,2016.0,2021-02-05,388.0,nan,Kepler-1514,2.9,5.28,2.216,217.83184,0.401,nan,nan
238,Kepler-1654 b,,,,,,,,,,Confirmed,2.026,nan,2018.0,2021-02-05,206.0,nan,Kepler-1654,5.0,0.5,1.638,1047.8356,0.26,nan,nan
239,Kepler-1656 b,,,,,,,,,,Confirmed,0.1974,nan,2018.0,2022-04-04,651.0,nan,Kepler-1656,6.31,0.1504,0.896,31.562,0.838,nan,nan
240,Kepler-167 d,,,,,,,,,,Confirmed,0.1405,nan,2016.0,2021-02-05,536.0,nan,Kepler-167,3.3,0.006,0.214,21.803855,0.12,nan,nan
241,Kepler-167 e,,,,,,,,,,Confirmed,1.89,nan,2016.0,2022-11-04,131.0,nan,Kepler-167,3.3,4.0,1.812,1071.23228,0.062,nan,"CH4, H2O, NH3"
242,Kepler-17 b,,,,,,,,,,Confirmed,0.02591,3.2e-05,2011.0,2021-02-05,1570.0,nan,Kepler-17,1.78,2.45,2.62,1.4857108,0.011,nan,nan
243,Kepler-1705 b,,,,,,,,,,Confirmed,0.08,nan,2017.0,2021-10-25,789.0,nan,Kepler-1705,nan,0.01406,0.3622,9.03502,0.033,nan,nan
244,Kepler-1705 c,,,,,,,,,,Confirmed,0.0416,nan,2017.0,2021-10-25,1095.0,nan,Kepler-1705,nan,0.01705,0.3658,11.28,0.028,nan,nan
245,Kepler-20 b,,,,,,,,,,Confirmed,0.0463,0.000156,2011.0,2021-02-05,1105.0,nan,Kepler-20,7.6,0.03052,0.334,3.69611525,0.03,nan,nan
246,Kepler-20 c,,,,,,,,,,Confirmed,0.0949,0.000321,2011.0,2021-02-05,772.0,nan,Kepler-20,7.6,0.04012,0.544,10.85409089,0.16,nan,nan
247,Kepler-20 d,,,,,,,,,,Confirmed,0.3506,0.001191,2011.0,2021-02-05,401.0,nan,Kepler-20,7.6,0.03168,0.49,77.61130017,0.6,nan,nan
248,Kepler-21 b,,,,,,,,,,Confirmed,0.042717,0.000394,2012.0,2021-02-05,2025.0,nan,Kepler-21,3.03,0.01598,0.292,2.78578,0.02,nan,nan
249,Kepler-22 b,,,,,,,,,,Confirmed,0.849,0.004468,2011.0,2021-02-05,262.0,nan,Kepler-22,nan,0.113,0.424,289.8623,0.0,nan,nan
250,Kepler-278 b,,,,,,,,,,Confirmed,0.207,nan,2014.0,2021-02-05,586.0,nan,Kepler-278,nan,0.176,0.726,30.160546,0.696,nan,nan
251,Kepler-278 c,,,,,,,,,,Confirmed,0.294,nan,2014.0,2021-02-05,492.0,nan,Kepler-278,nan,0.1098,0.64,51.078775,0.616,nan,nan
252,Kepler-39 b,,,,,,,,,,Confirmed,0.164,nan,2011.0,2021-02-05,897.0,nan,Kepler-39,2.1,20.1,2.48,21.08721,0.112,nan,nan
253,Kepler-391 c,,,,,,,,,,Confirmed,0.161,nan,2014.0,2021-02-05,662.0,nan,Kepler-391,nan,1.416,0.632,20.485435,0.27,nan,nan
254,Kepler-4 b,,,,,,,,,,Confirmed,0.0456,8.3e-05,2009.0,2021-02-05,1650.0,nan,Kepler-4,4.5,0.077,0.714,3.21346,0.0,nan,nan
255,Kepler-40 b,,,,,,,,,,Confirmed,0.08,3e-05,2010.0,2021-02-05,1620.0,nan,Kepler-40,2.8,2.2,2.34,6.87349,0.0,nan,nan
256,Kepler-41 b,,,,,,,,,,Confirmed,0.03101,4e-05,2011.0,2021-02-05,1790.0,nan,Kepler-41,4.4,0.56,2.58,1.8555582,0.0,nan,nan
257,Kepler-411 d,,,,,,,,,,Confirmed,0.279,nan,2018.0,2021-02-05,410.0,nan,Kepler-411,0.212,0.04782,0.592,58.02035,0.128,nan,nan
258,Kepler-412 b,,,,,,,,,,Confirmed,0.02897,nan,2014.0,2021-02-05,1850.0,nan,Kepler-412,5.1,0.941,2.682,1.7208604,0.0038,nan,nan
259,Kepler-423 b,,,,,,,,,,Confirmed,0.03585,nan,2014.0,2021-02-05,1605.0,nan,Kepler-423,11.0,0.595,2.384,2.6843285,0.019,nan,nan
260,Kepler-425 b,,,,,,,,,,Confirmed,0.0464,nan,2014.0,2021-02-05,1070.0,nan,Kepler-425,5.0,0.25,1.956,3.79701816,0.33,nan,nan
261,Kepler-426 b,,,,,,,,,,Confirmed,0.0414,nan,2014.0,2021-02-05,1300.0,nan,Kepler-426,6.0,0.34,2.18,3.21751883,0.18,nan,nan
262,Kepler-427 b,,,,,,,,,,Confirmed,0.091,nan,2014.0,2021-02-05,1100.0,nan,Kepler-427,7.0,0.29,2.46,10.290994,0.57,nan,nan
263,Kepler-428 b,,,,,,,,,,Confirmed,0.0433,nan,2014.0,2021-02-05,1070.0,nan,Kepler-428,5.0,1.27,2.16,3.52563254,0.22,nan,nan
264,Kepler-43 b,,,,,,,,,,Confirmed,0.046,2.3e-05,2011.0,2021-02-05,1620.0,nan,Kepler-43,2.8,3.23,2.438,3.0240949,0.025,nan,nan
265,Kepler-433 b,,,,,,,,,,Confirmed,0.0679,nan,2015.0,2021-02-05,1776.0,nan,Kepler-433,2.67,2.82,2.9,5.33408384,0.119,nan,nan
266,Kepler-434 b,,,,,,,,,,Confirmed,0.1143,nan,2015.0,2021-02-05,1000.0,nan,Kepler-434,4.0,2.86,2.26,12.8747099,0.131,nan,nan
267,Kepler-435 b,,,,,,,,,,Confirmed,0.0948,nan,2015.0,2021-02-05,1729.0,nan,Kepler-435,2.25,0.84,3.98,8.6001536,0.114,nan,nan
268,Kepler-44 b,,,,,,,,,,Confirmed,0.0446,2e-05,2011.0,2021-02-05,1544.0,nan,Kepler-44,5.8,1.0,2.18,3.2467293,0.066,nan,nan
269,Kepler-46 b,,,,,,,,,,Confirmed,0.1968,0.00023,2012.0,2021-04-11,543.0,nan,Kepler-46,9.9,6.0,1.616,33.60134,0.01,nan,nan
270,Kepler-5 b,,,,,,,,,,Confirmed,0.0538,nan,2009.0,2021-02-05,1750.0,nan,Kepler-5,nan,2.111,2.852,3.5484657,0.0,nan,nan
271,Kepler-51 b,,,,,,,,,,Confirmed,0.2514,nan,2012.0,2021-02-05,543.0,nan,Kepler-51,0.3,0.007,1.266,45.154,0.04,nan,nan
272,Kepler-51 c,,,,,,,,,,Confirmed,0.384,nan,2012.0,2021-02-05,439.0,nan,Kepler-51,0.3,0.013,1.606,85.312,0.014,nan,nan
273,Kepler-51 d,,,,,,,,,,Confirmed,0.509,nan,2014.0,2021-02-05,381.0,nan,Kepler-51,0.3,0.024,1.73,130.194,0.008,nan,nan
274,Kepler-538 b,,,,,,,,,,Confirmed,0.4669,nan,2016.0,2021-02-05,380.0,nan,Kepler-538,5.3,0.03335,0.396,81.73778,0.041,nan,nan
275,Kepler-6 b,,,,,,,,,,Confirmed,0.04852,nan,2009.0,2021-02-05,1460.0,nan,Kepler-6,3.8,0.668,2.608,3.2346996,0.0,nan,nan
276,Kepler-68 b,,,,,,,,,,Confirmed,0.0617,nan,2013.0,2021-02-05,1280.0,nan,Kepler-68,6.3,0.02407,0.412,5.3988,0.0,nan,nan
277,Kepler-7 b,,,,,,,,,,Confirmed,0.06067,nan,2009.0,2021-02-05,1630.0,nan,Kepler-7,3.5,0.441,3.244,4.8854892,0.1,nan,nan
278,Kepler-74 b,,,,,,,,,,Confirmed,0.0781,nan,2013.0,2021-02-05,1078.0,nan,Kepler-74,0.8,0.63,1.92,7.340711,0.0,nan,nan
279,Kepler-75 b,,,,,,,,,,Confirmed,0.0818,nan,2013.0,2021-02-05,767.0,nan,Kepler-75,6.2,10.1,2.1,8.8849116,0.57,nan,nan
280,Kepler-77 b,,,,,,,,,,Confirmed,0.04501,nan,2013.0,2021-02-05,1440.0,nan,Kepler-77,7.5,0.43,1.92,3.57878087,0.0,nan,nan
281,Kepler-8 b,,,,,,,,,,Confirmed,0.0474,3.6e-05,2010.0,2021-02-05,1680.0,nan,Kepler-8,3.84,0.59,2.832,3.5224991,0.0,nan,nan
282,Kepler-82 b,,,,,,,,,,Confirmed,0.1683,nan,2012.0,2021-02-05,581.0,nan,Kepler-82,nan,0.03823,0.726,26.44,0.0033,nan,nan
283,Kepler-82 c,,,,,,,,,,Confirmed,0.2626,nan,2012.0,2021-02-05,464.0,nan,Kepler-82,nan,0.04373,0.952,51.54,0.007,nan,nan
284,Kepler-86 b,,,,,,,,,,Confirmed,0.824,nan,2013.0,2019-10-09,281.0,nan,Kepler-86,nan,0.34235,1.6932,282.5254,0.28,nan,nan
285,Kepler-89 b,,,,,,,,,,Confirmed,0.05119,nan,2013.0,2021-03-08,1486.0,nan,KOI-94,3.16,0.033,0.306,3.743208,0.25,nan,nan
286,Kepler-89 c,,,,,,,,,,Confirmed,0.1013,nan,2013.0,2021-03-08,1012.0,nan,KOI-94,3.16,0.049,0.77,10.423648,0.43,nan,nan
287,Kepler-89 d,,,,,,,,,,Confirmed,0.1684,nan,2013.0,2021-03-08,806.0,nan,KOI-94,3.16,0.334,2.01,22.342989,0.022,nan,nan
288,Kepler-89 e,,,,,,,,,,Confirmed,0.3046,nan,2013.0,2021-03-08,584.0,nan,KOI-94,3.16,0.11,1.17,54.32031,0.019,nan,nan
289,L 168-9 b,,,,,,,,,,Confirmed,0.02091,nan,2020.0,2020-01-28,816.0,nan,L 168-9,nan,0.0145,0.248,1.4015,0.21,nan,nan
290,L 98-59 b,,,,,,,,,,Confirmed,0.02191,nan,2018.0,2022-10-19,627.0,nan,L 98-59,nan,0.0013,0.1516,2.2531136,0.1,nan,"CH4, H2, H2O"
291,L 98-59 c,,,,,,,,,,Confirmed,0.0304,nan,2018.0,2021-08-06,553.0,nan,L 98-59,nan,0.00698,0.24712,3.6906777,0.103,nan,nan
292,L 98-59 d,,,,,,,,,,Confirmed,0.0486,nan,2018.0,2021-08-06,416.0,nan,L 98-59,nan,0.0061,0.2714,7.4507245,0.074,nan,nan
293,LHS 1140 b,,,,,,,,,,Confirmed,0.0936,nan,2017.0,2022-03-02,230.0,nan,LHS 1140,5.0,0.02196,0.30814,24.736,0.06,nan,nan
294,LHS 1815 b,,,,,,,,,,Confirmed,0.0404,nan,2020.0,2020-03-11,617.0,nan,LHS 1815,nan,0.0132,0.19414,3.81433,0.0,nan,nan
295,LTT 1445A b,,,,,,,,,,Confirmed,0.03813,nan,2019.0,2022-10-22,424.0,nan,LTT 1445A,nan,0.00903,0.23286,5.3587657,0.11,nan,nan
296,LTT 1445A c,,,,,,,,,,Confirmed,0.0266,nan,2020.0,2022-10-22,508.0,nan,LTT 1445A,nan,0.00485,0.20466,3.1239035,0.223,nan,nan
297,LTT 3780 b,,,,,,,,,,Confirmed,0.012,nan,2020.0,2020-03-04,892.0,nan,LTT 3780,nan,0.00982,0.23766,0.7683881,0.064,nan,nan
298,LTT 3780 c,,,,,,,,,,Confirmed,0.077,nan,2020.0,2020-03-04,353.0,nan,LTT 3780,nan,0.0267,0.41,12.252048,0.115,nan,nan
299,LTT 9779 b,,,,,,,,,,Confirmed,0.01679,nan,2019.0,2023-06-26,2000.0,nan,LTT 9779,nan,0.09225,0.8422,0.7920641,0.0,nan,nan
300,MASCARA-3 b,,,,,,,,,,Confirmed,0.06971,nan,2019.0,2019-09-05,1458.0,nan,HD 93148,0.77,5.18,2.544,5.5514926,0.085,nan,nan
301,NGTS-1 b,,,,,,,,,,Confirmed,0.0326,nan,2017.0,2017-10-31,790.0,nan,NGTS-1,nan,0.812,2.66,2.647298,0.016,nan,nan
302,NGTS-10 b,,,,,,,,,,Confirmed,0.0143,nan,nan,2019-09-30,1332.0,nan,NGTS-10,10.4,2.162,2.41,0.7668944,0.0,nan,nan
303,NGTS-11 b,,,,,,,,,,Confirmed,0.2,nan,2020.0,2022-02-08,440.0,nan,NGTS-11,3.9,0.37,1.646,35.455285,0.11,nan,nan
304,NGTS-13 b,,,,,,,,,,Confirmed,0.0549,nan,2021.0,2021-01-13,1605.0,nan,NGTS-13,4.23,4.84,2.284,4.119027,0.086,nan,nan
305,NGTS-14A b,,,,,,,,,,Confirmed,0.0403,nan,2021.0,2021-01-12,1143.0,nan,NGTS-14A,5.9,0.092,0.88,3.5357173,0.0,nan,nan
306,NGTS-15 b,,,,,,,,,,Confirmed,0.0441,nan,2021.0,2021-03-19,1146.0,nan,NGTS-15,3.28,0.751,2.2,3.27623,0.0,nan,nan
307,NGTS-16 b,,,,,,,,,,Confirmed,0.0523,nan,2021.0,2021-03-19,1177.0,nan,NGTS-16,10.29,0.667,2.6,4.84532,0.0,nan,nan
308,NGTS-17 b,,,,,,,,,,Confirmed,0.0391,nan,2021.0,2021-03-19,1457.0,nan,NGTS-17,9.22,0.764,2.48,3.24253,0.0,nan,nan
309,NGTS-18 b,,,,,,,,,,Confirmed,0.0448,nan,2021.0,2021-03-19,1381.0,nan,NGTS-18,10.84,0.409,2.42,3.05125,0.0,nan,nan
310,NGTS-2 b,,,,,,,,,,Confirmed,0.0584,nan,2018.0,2018-11-28,1638.0,nan,NGTS-2,2.17,0.67,3.072,4.5111204,0.0,nan,nan
311,NGTS-20 b,,,,,,,,,,Confirmed,0.313,nan,2022.0,2022-07-11,688.0,nan,NGTS-20,4.1,2.98,2.14,54.18915,0.432,nan,nan
312,NGTS-21 b,,,,,,,,,,Confirmed,0.0236,nan,2022.0,2022-10-04,1357.0,nan,NGTS-21,10.0,2.36,2.66,1.5433897,0.0,nan,nan
313,NGTS-23 b,,,,,,,,,,Confirmed,0.0504,nan,2022.0,2022-11-03,1327.0,nan,NGTS-23,6.39,0.613,2.534,4.076,0.0,nan,nan
314,NGTS-24 b,,,,,,,,,,Confirmed,0.0479,nan,2022.0,2022-11-03,1499.0,nan,NGTS-24,4.77,0.52,2.428,3.4678796,0.0,nan,nan
315,NGTS-25 b,,,,,,,,,,Confirmed,0.0388,nan,2022.0,2022-11-03,1101.0,nan,NGTS-25,3.49,0.639,2.046,2.823093,0.0,nan,nan
316,NGTS-4 b,,,,,,,,,,Confirmed,0.019,nan,2018.0,2018-09-29,1650.0,nan,NGTS-4,nan,0.0648,0.5674,1.3373508,0.0,nan,nan
317,NGTS-5 b,,,,,,,,,,Confirmed,0.0382,nan,2019.0,2019-05-03,952.0,nan,NGTS-5,nan,0.229,2.272,3.3569866,0.0,nan,nan
318,NGTS-8 b,,,,,,,,,,Confirmed,0.035,nan,2019.0,2019-11-11,1345.0,nan,NGTS-8,12.48,0.93,2.18,2.4997,0.01,nan,nan
319,NGTS-9 b,,,,,,,,,,Confirmed,0.058,nan,2019.0,2019-11-11,1448.0,nan,NGTS-9,0.96,2.9,2.14,4.43527,0.06,nan,nan
320,Qatar-10 b,,,,,,,,,,Confirmed,0.0286,nan,2019.0,2019-03-25,1955.0,nan,Qatar-10,3.2,0.736,3.068,1.645321,0.0,nan,nan
321,Qatar-2 b,,,,,,,,,,Confirmed,0.02153,nan,2011.0,2021-02-05,1344.0,nan,Qatar-2,5.0,2.494,2.508,1.33711647,0.0,nan,nan
322,Qatar-6 A b,,,,,,,,,,Confirmed,0.0423,nan,2017.0,2019-12-02,1006.0,nan,Qatar-6 A,1.0,0.668,2.124,3.506189,0.0,nan,nan
323,Qatar-7 b,,,,,,,,,,Confirmed,0.0352,nan,2018.0,2018-12-18,2053.0,nan,Qatar-7,1.0,1.88,3.4,2.032046,0.0,nan,nan
324,Qatar-9 b,,,,,,,,,,Confirmed,0.0234,nan,2019.0,2019-03-25,1134.0,nan,Qatar-9,7.5,1.19,2.018,1.540731,0.0,nan,nan
325,TIC 237913194 b,,,,,,,,,,Confirmed,0.1207,nan,2020.0,2020-10-09,974.0,nan,TIC 237913194,5.7,1.942,2.234,15.168865,0.575,nan,nan
326,TOI-1062 b,,,,,,,,,,Confirmed,0.052,nan,2021.0,2021-05-06,1077.0,nan,TOI-1062,2.5,0.032,0.40396,4.11412,0.179,nan,nan
327,TOI-1064 b,,,,,,,,,,Confirmed,0.06152,nan,2022.0,2022-01-12,784.0,nan,TOI-1064,nan,0.0425,0.4616,6.443868,0.047,nan,nan
328,TOI-1107 b,,,,,,,,,,Confirmed,0.0561,nan,2022.0,2022-05-27,1728.0,nan,TOI-1107,2.6,3.35,2.6,4.0782387,0.025,nan,nan
329,TOI-1130 b,,,,,,,,,,Confirmed,0.04457,nan,2020.0,2023-05-26,632.0,nan,TOI-1130,8.2,0.06066,0.6352,4.07445,0.0541,nan,nan
330,TOI-1130 c,,,,,,,,,,Confirmed,0.07191,nan,2020.0,2023-05-26,498.0,nan,TOI-1130,8.2,1.02474,2.3766,8.350231,0.0457,nan,nan
331,TOI-1201 b,,,,,,,,,,Confirmed,0.0287,nan,2021.0,2021-09-20,703.0,nan,TOI-1201,nan,0.01976,0.4309,2.4919863,0.0,nan,nan
332,TOI-1221 b,,,,,,,,,,Confirmed,0.39,nan,2022.0,2022-09-29,400.0,nan,TOI-1221,nan,3.5,0.5192,91.68278,0.21,nan,nan
333,TOI-1231 b,,,,,,,,,,Confirmed,0.1288,nan,2021.0,2021-05-19,330.0,nan,TOI-1231,nan,0.0485,0.6512,24.245586,0.087,nan,nan
334,TOI-1238 b,,,,,,,,,,Confirmed,0.0139,nan,2021.0,2021-11-30,1130.0,nan,TOI-1238,0.8,0.01183,0.2158,0.764597,0.25,nan,nan
335,TOI-1238 c,,,,,,,,,,Confirmed,0.037,nan,2021.0,2021-11-30,700.0,nan,TOI-1238,0.8,0.02618,0.3764,3.294736,0.15,nan,nan
336,TOI-1247 b,,,,,,,,,,Confirmed,nan,nan,2019.0,2023-07-03,815.0,nan,TOI-1247,nan,0.0179,0.4478,15.92346,0.42,nan,nan
337,TOI-125 b,,,,,,,,,,Confirmed,0.05186,nan,2019.0,2020-03-04,1037.0,nan,TOI-125,6.8,0.0299,0.4864,4.65382,0.194,nan,nan
338,TOI-125 c,,,,,,,,,,Confirmed,0.0814,nan,2019.0,2020-03-04,827.8,nan,TOI-125,6.8,0.02086,0.49228,9.15059,0.066,nan,nan
339,TOI-125 d,,,,,,,,,,Confirmed,0.137,nan,2019.0,2020-03-04,638.1,nan,TOI-125,6.8,0.0428,0.5228,19.98,0.168,nan,nan
340,TOI-1259A b,,,,,,,,,,Confirmed,0.0407,nan,2021.0,2021-01-11,963.0,nan,TOI-1259A,nan,0.441,2.044,3.47798,0.0,nan,nan
341,TOI-1260 b,,,,,,,,,,Confirmed,0.0367,nan,2021.0,2022-12-09,871.0,nan,TOI-1260,nan,0.02693,0.43,3.127463,0.0,nan,nan
342,TOI-1260 c,,,,,,,,,,Confirmed,0.0657,nan,2021.0,2022-12-09,651.0,nan,TOI-1260,nan,0.0415,0.4924,7.493134,0.0,nan,nan
343,TOI-1260 d,,,,,,,,,,Confirmed,0.1116,nan,2022.0,2022-12-09,499.0,nan,TOI-1260,nan,0.03725,0.5566,16.608,0.0,nan,nan
344,TOI-1266 b,,,,,,,,,,Confirmed,0.0736,nan,2020.0,2020-09-10,413.0,nan,TOI-1266,7.9,0.05,0.4228,10.894843,0.09,nan,nan
345,TOI-1266 c,,,,,,,,,,Confirmed,0.1058,nan,2020.0,2021-11-03,344.0,nan,TOI-1266,7.9,0.0201,0.2784,18.80151,0.04,nan,nan
346,TOI-1272 b,,,,,,,,,,Confirmed,0.0412,nan,2022.0,2022-06-30,961.0,nan,TOI-1272,nan,0.0774,0.7386,3.31599,0.338,nan,nan
347,TOI-1288 b,,,,,,,,,,Confirmed,0.0429,nan,2019.0,2022-12-01,1266.0,nan,TOI-1288,nan,42.0,0.935,2.6998,0.064,nan,nan
348,TOI-1298 b,,,,,,,,,,Confirmed,0.059,nan,2021.0,2021-07-15,1388.0,nan,TOI-1298,1.6,0.356,1.682,4.537164,0.032,nan,nan
349,TOI-132 b,,,,,,,,,,Confirmed,0.026,nan,2019.0,2019-11-07,1384.0,nan,TOI-132,6.34,0.07183,0.612,2.1097008,0.087,nan,nan
350,TOI-1416 b,,,,,,,,,,Confirmed,0.019,nan,2023.0,2023-05-31,1517.0,nan,TOI-1416,nan,0.01095,0.289,1.0697564,0.0,nan,nan
351,TOI-1422 b,,,,,,,,,,Confirmed,0.108,nan,2022.0,2022-07-08,867.0,nan,TOI-1422,5.1,0.028,0.7066,12.9972,0.04,nan,nan
352,TOI-1431 b,,,,,,,,,,Confirmed,0.047,nan,2021.0,2023-06-29,2370.0,nan,TOI-1431/MASCARA-5,0.29,3.14,3.016,2.65022,0.01,nan,nan
353,TOI-1452 b,,,,,,,,,,Confirmed,0.061,nan,2022.0,2022-08-15,300.0,nan,TOI-1452,nan,0.01517,0.29834,11.06201,0.0,nan,nan
354,TOI-1470 b,,,,,,,,,,Confirmed,0.0285,nan,2023.0,2023-06-16,640.0,nan,TOI-1470,1.3,0.02303,0.389,2.527093,0.3,nan,nan
355,TOI-1470 c,,,,,,,,,,Confirmed,0.106,nan,2023.0,2023-06-16,330.0,nan,TOI-1470,1.3,0.02278,0.4408,18.08816,0.5,nan,nan
356,TOI-1471,,,,,,,,,,Confirmed,0.2669,nan,2023.0,2023-07-03,487.0,nan,TOI-1471,nan,0.0576,0.59648,52.563491,0.23,nan,nan
357,TOI-1471 b,,,,,,,,,,Confirmed,0.1438,nan,2023.0,2023-07-03,663.0,nan,TOI-1471,nan,0.031,0.696,20.772907,0.22,nan,nan
358,TOI-1473 b,,,,,,,,,,Confirmed,nan,nan,2019.0,2023-07-04,1194.0,nan,TOI-1473,nan,0.034,0.4372,5.254467,0.0,nan,nan
359,TOI-150 b,,,,,,,,,,Confirmed,0.0643,nan,2019.0,2019-09-18,1404.0,nan,TOI-150,2.346,2.51,2.51,5.857487,0.262,nan,nan
360,TOI-1518 b,,,,,,,,,,Confirmed,0.039,nan,2021.0,2021-08-27,2892.0,nan,TOI-1518,nan,2.3,3.75,1.902603,0.01,nan,nan
361,TOI-157 b,,,,,,,,,,Confirmed,0.0318,nan,2020.0,2020-03-13,1588.0,nan,TOI-157,12.82,1.18,2.572,2.0845435,0.0,nan,nan
362,TOI-163 b,,,,,,,,,,Confirmed,0.058,nan,2019.0,2019-09-18,1669.0,nan,TOI-163,1.823,1.22,2.978,4.231306,0.0,nan,nan
363,TOI-1634 b,,,,,,,,,,Confirmed,0.01545,nan,2021.0,2021-03-26,924.0,nan,TOI-1634,nan,0.01545,0.3194,0.989343,0.16,nan,nan
364,TOI-1670 b,,,,,,,,,,Confirmed,0.103,nan,2022.0,2022-03-10,1062.0,nan,TOI-1670,2.53,0.0434,0.3676,10.98462,0.59,nan,nan
365,TOI-1670 c,,,,,,,,,,Confirmed,0.249,nan,2022.0,2022-03-10,684.0,nan,TOI-1670,2.53,0.63,1.974,40.74976,0.09,nan,nan
366,TOI-169 b,,,,,,,,,,Confirmed,0.03524,nan,2020.0,2020-03-13,1715.0,nan,TOI-169,4.7,0.791,2.172,2.2554477,0.0,nan,nan
367,TOI-1695 b,,,,,,,,,,Confirmed,0.033548,nan,2022.0,2022-11-15,590.0,nan,TOI-1695,nan,0.0182,0.34,3.1342788,0.1,nan,nan
368,TOI-1696 b,,,,,,,,,,Confirmed,0.0235,nan,2022.0,2022-04-21,533.0,nan,TOI-1696,nan,0.1787,0.5782,2.50031,0.0,nan,nan
369,TOI-172 b,,,,,,,,,,Confirmed,0.0913,nan,2019.0,2021-01-15,1198.0,nan,TOI-172,7.5,5.41,1.93,9.47721,0.3805,nan,nan
370,TOI-1728 b,,,,,,,,,,Confirmed,0.0391,nan,2020.0,2020-06-26,767.0,nan,TOI-1728,7.1,0.08426,0.901,3.49151,0.057,nan,nan
371,TOI-1736 b,,,,,,,,,,Confirmed,nan,nan,2019.0,2023-07-04,1186.0,nan,TOI-1736,nan,0.0374,0.5442,7.073091,0.16,nan,nan
372,TOI-1749 b,,,,,,,,,,Confirmed,0.0291,nan,2021.0,2022-09-10,831.0,nan,TOI-1749,nan,0.06,0.248,2.38839,0.02,nan,nan
373,TOI-1749 c,,,,,,,,,,Confirmed,0.0443,nan,2021.0,2022-09-10,673.0,nan,TOI-1749,nan,0.0066,0.3782,4.4929,0.007,nan,nan
374,TOI-1749 d,,,,,,,,,,Confirmed,0.0707,nan,2021.0,2022-09-10,533.0,nan,TOI-1749,nan,0.0135,0.4496,9.0497,0.015,nan,nan
375,TOI-1759 b,,,,,,,,,,Confirmed,0.1176,nan,2022.0,2022-02-04,433.0,nan,TOI-1759,5.0,0.0214,0.546,18.849975,0.0,nan,nan
376,TOI-179 b,,,,,,,,,,Confirmed,0.0476,nan,2019.0,2022-11-12,935.0,nan,TOI-179,0.3,0.0758,0.4872,4.1374386,0.34,nan,nan
377,TOI-181 b,,,,,,,,,,Confirmed,0.05578,nan,2022.0,2022-11-16,877.0,nan,TOI-181,nan,0.13,1.2366,4.53206,0.19,nan,nan
378,TOI-1820 b,,,,,,,,,,Confirmed,0.069,nan,2022.0,2022-05-02,1295.0,nan,TOI-1820,11.0,2.3,2.24,4.8607,0.043,nan,nan
379,TOI-1899 b,,,,,,,,,,Confirmed,0.1587,nan,2020.0,2020-07-17,362.0,nan,TOI-1899,7.4,0.66,2.74,29.02,0.118,nan,nan
380,TOI-1937 b,,,,,,,,,,Confirmed,0.01932,nan,2022.0,2022-10-31,2097.0,nan,TOI-1937,3.6,2.01,2.494,0.94667944,0.0,nan,nan
381,TOI-1994 b,,,,,,,,,,Confirmed,0.0613,nan,2023.0,2023-05-16,2290.0,nan,TOI-1994,0.94,22.1,2.44,4.0337142,0.0341,nan,nan
382,TOI-2000 b,,,,,,,,,,Confirmed,0.0426,nan,2022.0,2022-09-30,1475.0,nan,TOI-2000,5.1,0.0324,0.471,3.098331,0.0,nan,nan
383,TOI-2000 c,,,,,,,,,,Confirmed,0.0875,nan,2022.0,2022-09-30,1029.0,nan,TOI-2000,5.1,0.2382,1.422,9.1270553,0.064,nan,nan
384,TOI-201 b,,,,,,,,,,Confirmed,0.3,nan,2021.0,2021-03-05,759.0,nan,TOI-201,0.87,0.42,2.0,52.97818,0.28,nan,nan
385,TOI-2018 b,,,,,,,,,,Confirmed,nan,nan,2019.0,2023-06-16,652.0,nan,TOI-2018,nan,0.0289,0.405,7.435583,0.0,nan,nan
386,TOI-2025 b,,,,,,,,,,Confirmed,0.089,nan,2022.0,2022-05-02,1186.0,nan,TOI-2025,1.7,4.4,2.24,8.872086,0.44,nan,nan
387,TOI-2095 b,,,,,,,,,,Confirmed,0.101,nan,2023.0,2023-04-20,347.0,nan,TOI-2095,nan,0.0129,0.223,17.774872,0.12,nan,nan
388,TOI-2095 c,,,,,,,,,,Confirmed,0.137,nan,2023.0,2023-04-20,297.0,nan,TOI-2095,nan,0.0233,0.2374,28.17221,0.13,nan,nan
389,TOI-2096 b,,,,,,,,,,Confirmed,0.025,nan,2022.0,2023-02-16,445.0,nan,TOI-2096,nan,0.006,0.22178,3.1190633,0.15,nan,nan
390,TOI-2096 c,,,,,,,,,,Confirmed,0.04,nan,2022.0,2023-02-16,349.0,nan,TOI-2096,nan,0.0145,0.34152,6.38784,0.1,nan,nan
391,TOI-2136 b,,,,,,,,,,Confirmed,0.054,nan,2022.0,2022-04-21,378.0,nan,TOI-2136,4.6,0.0148,0.373,7.85191,0.07,nan,nan
392,TOI-2158 b,,,,,,,,,,Confirmed,0.074,nan,2022.0,2022-05-02,1188.0,nan,TOI-2158,8.0,0.82,1.92,8.60077,0.031,nan,nan
393,TOI-216 b,,,,,,,,,,Confirmed,0.1293,nan,2019.0,2022-12-16,628.0,nan,TOI-216,nan,0.0558,1.3722,17.0991,0.161,nan,nan
394,TOI-2180 b,,,,,,,,,,Confirmed,0.828,nan,2022.0,2022-04-13,348.0,nan,TOI-2180,8.1,2.755,2.02,260.158,0.368,nan,nan
395,TOI-2193 b,,,,,,,,,,Confirmed,0.03319,nan,2022.0,2022-05-24,1763.0,nan,TOI-2193,5.5,0.94,3.54,2.1225735,0.0,nan,nan
396,TOI-2196 b,,,,,,,,,,Confirmed,0.02234,nan,2022.0,2022-08-12,1860.0,nan,TOI-2196,4.5,0.082,0.6262,1.1947268,0.0,nan,nan
397,TOI-220 b,,,,,,,,,,Confirmed,0.0892,nan,2021.0,2021-05-06,806.0,nan,TOI-220,10.1,0.0428,0.5388,10.695264,0.029,nan,nan
398,TOI-2207 b,,,,,,,,,,Confirmed,0.0854,nan,2022.0,2022-05-24,1259.0,nan,TOI-2207,3.3,0.64,1.99,8.001968,0.174,nan,nan
399,TOI-2236 b,,,,,,,,,,Confirmed,0.05,nan,2022.0,2022-12-23,1688.0,nan,TOI-2236,nan,1.58,2.564,3.5315902,0.0,nan,nan
400,TOI-2257 b,,,,,,,,,,Confirmed,0.145,nan,2021.0,2021-11-03,256.0,nan,TOI-2257,nan,0.0179,0.39148,35.189346,0.496,nan,nan
401,TOI-2285 b,,,,,,,,,,Confirmed,0.1363,nan,2021.0,2021-10-22,284.0,nan,TOI-2285,nan,0.0614,0.3104,27.26955,0.3,nan,nan
402,TOI-2338 b,,,,,,,,,,Confirmed,0.158,nan,2023.0,2023-04-06,799.0,nan,TOI-2338,7.0,5.98,2.0,22.65398,0.676,nan,nan
403,TOI-2364 b,,,,,,,,,,Confirmed,0.04871,nan,2022.0,2022-10-31,1091.0,nan,TOI-2364,3.5,0.225,1.536,4.0197517,0.0,nan,nan
404,TOI-2406 b,,,,,,,,,,Confirmed,0.0228,nan,2021.0,2021-08-02,447.0,nan,TOI-2406,nan,0.0286,0.5246,3.0766896,0.26,nan,nan
405,TOI-2421 b,,,,,,,,,,Confirmed,0.0543,nan,2022.0,2022-05-24,1534.0,nan,TOI-2421,nan,0.333,1.848,4.474032,0.0,nan,nan
406,TOI-2498 b,,,,,,,,,,Confirmed,0.0491,nan,2023.0,2023-05-13,1443.0,nan,TOI-2498,3.6,0.10893,1.0812,3.738252,0.089,nan,nan
407,TOI-2567 b,,,,,,,,,,Confirmed,0.0672,nan,2022.0,2022-05-24,1352.0,nan,TOI-2567,nan,0.2,1.95,5.983944,0.0,nan,nan
408,TOI-257 b,,,,,,,,,,Confirmed,0.1523,nan,2020.0,2020-01-23,1033.0,nan,TOI-257,3.11,0.134,1.252,18.38827,0.24,nan,nan
409,TOI-2570 b,,,,,,,,,,Confirmed,0.04145,nan,2022.0,2022-05-25,1431.0,nan,TOI-2570,nan,82.0,2.434,2.9887615,0.0,nan,nan
410,TOI-2583 b,,,,,,,,,,Confirmed,0.0571,nan,2022.0,2022-12-20,1456.0,nan,TOI-2583A,4.4,0.25,2.58,4.5207265,0.0,nan,nan
411,TOI-2587 b,,,,,,,,,,Confirmed,0.0635,nan,2022.0,2022-12-08,1445.0,nan,TOI-2587,6.7,0.218,2.154,5.45664,0.0,nan,nan
412,TOI-2589 b,,,,,,,,,,Confirmed,0.3,nan,2023.0,2023-04-06,592.0,nan,TOI-2589,11.0,3.5,2.16,61.6277,0.522,nan,nan
413,TOI-263 b,,,,,,,,,,Confirmed,0.0098,nan,2019.0,2021-03-23,1020.0,nan,TOI-263,4.75,61.6,1.82,0.5568143,0.017,nan,nan
414,TOI-2641 b,,,,,,,,,,Confirmed,0.0607,nan,2023.0,2023-05-08,1387.0,nan,TOI-2641,nan,0.366,3.23,4.880974,0.0,nan,nan
415,TOI-266 b,,,,,,,,,,Confirmed,nan,nan,2019.0,2023-06-30,855.0,nan,TOI-266,nan,0.0245,0.4568,10.75101,0.14,nan,nan
416,TOI-266 c,,,,,,,,,,Confirmed,nan,nan,2019.0,2023-06-30,699.0,nan,TOI-266,nan,9.4,0.4426,19.6053,0.28,nan,nan
417,TOI-269 b,,,,,,,,,,Confirmed,0.0345,nan,2021.0,2021-05-03,531.0,nan,TOI-269,nan,0.0277,0.4942,3.6977104,0.425,nan,nan
418,TOI-270 b,,,,,,,,,,Confirmed,0.0306,nan,2019.0,2019-03-15,528.0,nan,TOI-270,nan,0.006,0.2225,3.36008,0.0,nan,nan
419,TOI-270 d,,,,,,,,,,Confirmed,0.0733,nan,2019.0,2019-03-15,340.0,nan,TOI-270,nan,0.017,0.38,11.38014,0.0,nan,nan
420,TOI-2796 b,,,,,,,,,,Confirmed,0.04089,nan,2022.0,2022-10-31,1205.0,nan,TOI-2796,4.0,0.44,3.18,4.8084983,0.0,nan,nan
421,TOI-2803 b,,,,,,,,,,Confirmed,0.03185,nan,2022.0,2022-10-31,1893.0,nan,TOI-2803,3.7,0.975,3.232,1.96229325,0.0,nan,nan
422,TOI-2818 b,,,,,,,,,,Confirmed,0.0493,nan,2022.0,2022-10-31,1376.0,nan,TOI-2818,9.5,0.71,2.726,4.039709,0.0,nan,nan
423,TOI-2842 b,,,,,,,,,,Confirmed,0.0475,nan,2022.0,2022-10-31,1471.0,nan,TOI-2842,4.7,0.37,2.292,3.5514058,0.0,nan,nan
424,TOI-2977 b,,,,,,,,,,Confirmed,0.03386,nan,2022.0,2022-10-31,1544.0,nan,TOI-2977,9.8,1.68,2.348,2.3505614,0.0,nan,nan
425,TOI-3023 b,,,,,,,,,,Confirmed,0.0505,nan,2022.0,2022-10-31,1596.0,nan,TOI-3023,7.0,0.62,2.932,3.9014971,0.0,nan,nan
426,TOI-3235 b,,,,,,,,,,Confirmed,0.02709,nan,2023.0,2023-02-21,604.0,nan,TOI-3235,nan,0.665,2.034,2.59261842,0.029,nan,nan
427,TOI-3331 b,,,,,,,,,,Confirmed,0.03144,nan,2022.0,2022-05-25,1488.0,nan,TOI-3331,nan,2.27,2.316,2.0180231,0.0,nan,nan
428,TOI-3540 b,,,,,,,,,,Confirmed,0.04289,nan,2022.0,2022-05-25,1498.0,nan,TOI-3540,nan,1.18,4.2,3.119999,0.0,nan,nan
429,TOI-3629 b,,,,,,,,,,Confirmed,0.043,nan,2022.0,2022-01-26,690.0,nan,TOI-3629,7.0,0.26,1.48,3.936551,0.05,nan,nan
430,TOI-3688 b,,,,,,,,,,Confirmed,0.0456,nan,2022.0,2022-10-31,1534.0,nan,TOI-3688,3.3,0.98,2.334,3.246075,0.0,nan,nan
431,TOI-3693 b,,,,,,,,,,Confirmed,0.081,nan,2022.0,2022-05-25,801.0,nan,TOI-3693,nan,1.02,2.248,8.088516,0.0,nan,nan
432,TOI-3714 b,,,,,,,,,,Confirmed,0.027,nan,2022.0,2022-01-26,750.0,nan,TOI-3714,2.9,0.7,2.02,2.154849,0.03,nan,nan
433,TOI-3757 b,,,,,,,,,,Confirmed,0.03845,nan,2022.0,2022-03-15,759.0,nan,TOI-3757,7.1,0.2684,2.14,3.438753,0.14,nan,nan
434,TOI-3785 b,,,,,,,,,,Confirmed,0.043,nan,2023.0,2023-04-11,582.0,nan,TOI-3785,8.0,0.04704,0.9172,4.6747373,0.11,nan,nan
435,TOI-3807 b,,,,,,,,,,Confirmed,0.0421,nan,2022.0,2022-10-31,1646.0,nan,TOI-3807,5.6,1.04,4.0,2.8989727,0.0,nan,nan
436,TOI-3819 b,,,,,,,,,,Confirmed,0.04611,nan,2022.0,2022-12-09,1633.0,nan,TOI-3819,4.5,1.11,2.344,3.2443141,0.0,nan,nan
437,TOI-3884 b,,,,,,,,,,Confirmed,0.0354,nan,2022.0,2022-10-21,463.0,nan,TOI-3884,nan,0.0519,1.1258,4.5445697,0.32,nan,nan
438,TOI-3912 b,,,,,,,,,,Confirmed,0.0463,nan,2022.0,2022-10-31,1512.0,nan,TOI-3912,7.5,0.406,2.548,3.4936264,0.0,nan,nan
439,TOI-3976 b,,,,,,,,,,Confirmed,0.0743,nan,2022.0,2022-10-31,1295.0,nan,TOI-3976,3.8,0.175,2.19,6.607662,0.0,nan,nan
440,TOI-3984 Ab,,,,,,,,,,Confirmed,0.041,nan,2023.0,2023-02-16,563.0,nan,TOI-3984 A,nan,0.138,1.42,4.353326,0.04,nan,nan
441,TOI-4010 b,,,,,,,,,,Confirmed,0.0229,nan,2023.0,2023-06-13,1441.0,nan,TOI-4010,nan,0.035,0.5388,1.348335,0.03,nan,nan
442,TOI-4010 c,,,,,,,,,,Confirmed,0.058,nan,2023.0,2023-06-13,907.0,nan,TOI-4010,nan,0.0639,1.058,5.414654,0.03,nan,nan
443,TOI-4010 d,,,,,,,,,,Confirmed,0.113,nan,2023.0,2023-06-13,650.0,nan,TOI-4010,nan,0.12003,1.1026,14.70886,0.07,nan,nan
444,TOI-4087 b,,,,,,,,,,Confirmed,0.04469,nan,2022.0,2022-10-31,1458.0,nan,TOI-4087,0.8,0.73,2.328,3.1774835,0.0,nan,nan
445,TOI-4127 b,,,,,,,,,,Confirmed,0.3081,nan,2023.0,2023-03-28,605.0,nan,TOI-4127,nan,2.3,2.192,56.39879,0.747,nan,nan
446,TOI-4137 b,,,,,,,,,,Confirmed,0.05222,nan,2022.0,2022-05-25,1570.0,nan,TOI-4137,nan,1.01,2.422,3.8016122,0.0,nan,nan
447,TOI-4138 b,,,,,,,,,,Confirmed,0.051,nan,2021.0,2021-10-04,1762.0,nan,TOI-4138,9.54,0.67,2.98,3.660028,0.03,nan,nan
448,TOI-4145 b,,,,,,,,,,Confirmed,0.04823,nan,2022.0,2022-10-31,1074.0,nan,TOI-4145,4.7,0.43,2.374,4.0664428,0.0,nan,nan
449,TOI-431 b,,,,,,,,,,Confirmed,0.0113,nan,2021.0,2021-08-06,1862.0,nan,TOI-431,nan,0.00966,0.2284,0.490047,0.0,nan,nan
450,TOI-431 d,,,,,,,,,,Confirmed,0.098,nan,2021.0,2021-08-06,633.0,nan,TOI-431,nan,0.0311,0.587,12.46103,0.0,nan,nan
451,TOI-4406 b,,,,,,,,,,Confirmed,0.201,nan,2023.0,2023-04-06,904.0,nan,TOI-4406,nan,0.3,2.0,30.08364,0.15,nan,nan
452,TOI-4463 b,,,,,,,,,,Confirmed,0.04035,nan,2022.0,2022-10-31,1395.0,nan,TOI-4463,4.1,0.794,2.366,2.8807198,0.0,nan,nan
453,TOI-4562 b,,,,,,,,,,Confirmed,0.771,nan,2022.0,2022-08-24,349.0,nan,TOI-4562,nan,3.29,2.144,225.11757,0.81,nan,nan
454,TOI-4603 b,,,,,,,,,,Confirmed,0.0888,nan,2023.0,2023-03-22,1677.0,nan,TOI-4603,1.98,12.89,2.084,7.24599,0.325,nan,nan
455,TOI-469 b,,,,,,,,,,Confirmed,nan,nan,2019.0,2023-06-30,755.0,nan,TOI-469,nan,0.0182,0.5996,3.63083,0.0,nan,nan
456,TOI-4791 b,,,,,,,,,,Confirmed,0.0555,nan,2022.0,2022-10-31,1472.0,nan,TOI-4791,3.3,2.31,2.22,4.28088,0.0,nan,nan
457,TOI-5153 b,,,,,,,,,,Confirmed,0.158,nan,2022.0,2022-07-11,906.0,nan,TOI-5153,5.4,3.26,2.12,20.33003,0.09,nan,nan
458,TOI-519 b,,,,,,,,,,Confirmed,0.012,nan,2021.0,2023-05-01,760.0,nan,TOI-519,nan,0.463,1.5,1.2652328,0.06,nan,nan
459,TOI-5205 b,,,,,,,,,,Confirmed,0.0199,nan,2022.0,2022-09-23,737.0,nan,TOI-5205,nan,1.08,2.07,1.630757,0.02,nan,nan
460,TOI-5293 Ab,,,,,,,,,,Confirmed,0.034,nan,2023.0,2023-02-16,675.0,nan,TOI-5293 A,nan,0.54,2.12,2.930289,0.08,nan,nan
461,TOI-530 b,,,,,,,,,,Confirmed,0.052,nan,2021.0,2021-10-11,565.0,nan,TOI-530,nan,0.4,1.66,6.387597,0.0,nan,nan
462,TOI-532 b,,,,,,,,,,Confirmed,0.0296,nan,2021.0,2021-07-30,867.0,nan,TOI-532,7.1,0.1935,1.0384,2.32666508,0.0,nan,nan
463,TOI-554 b,,,,,,,,,,Confirmed,nan,nan,2019.0,2023-06-30,1290.0,nan,TOI-554,nan,0.0267,0.4674,7.049144,0.0,nan,nan
464,TOI-554 c,,,,,,,,,,Confirmed,nan,nan,2022.0,2023-06-30,1700.0,nan,TOI-554,nan,0.0129,0.268,3.04405,0.23,nan,nan
465,TOI-5542 b,,,,,,,,,,Confirmed,0.332,nan,2022.0,2022-09-30,441.0,nan,TOI-5542,10.8,1.32,2.018,75.12375,0.018,nan,nan
466,TOI-559 b,,,,,,,,,,Confirmed,0.0723,nan,2021.0,2021-02-05,1180.0,nan,TOI-559,6.8,6.01,2.182,6.9839095,0.15,nan,nan
467,TOI-564 b,,,,,,,,,,Confirmed,0.02734,nan,2019.0,2019-12-26,1714.0,nan,TOI-564,7.3,1.463,2.04,1.651144,0.072,nan,nan
468,TOI-5678 b,,,,,,,,,,Confirmed,0.249,nan,2023.0,2023-06-09,513.0,nan,TOI-5678,8.5,0.063,0.876,47.73022,0.14,nan,nan
469,TOI-615 b,,,,,,,,,,Confirmed,0.0678,nan,2023.0,2023-05-08,1666.0,nan,TOI-615,nan,0.435,3.386,4.66155983,0.0,nan,nan
470,TOI-620 b,,,,,,,,,,Confirmed,0.04825,nan,2022.0,2022-04-08,604.0,nan,TOI-620,7.2,0.0485,0.6708,5.0988179,0.19,nan,nan
471,TOI-622 b,,,,,,,,,,Confirmed,0.0708,nan,2023.0,2023-05-08,1388.0,nan,TOI-622,nan,0.303,1.648,6.402513,0.0,nan,nan
472,TOI-674 b,,,,,,,,,,Confirmed,0.0231,nan,2021.0,2021-06-03,661.0,nan,TOI-674,5.5,0.0739,0.9386,1.977143,0.1,nan,nan
473,TOI-677 b,,,,,,,,,,Confirmed,0.1038,nan,2019.0,2019-11-14,1252.0,nan,TOI-677,2.92,1.236,2.358,11.2366,0.435,nan,nan
474,TOI-700 d,,,,,,,,,,Confirmed,0.1633,nan,2020.0,2023-01-11,295.0,nan,TOI-700,1.5,0.00711,0.19146,37.42396,0.042,nan,nan
475,TOI-712 b,,,,,,,,,,Confirmed,0.07928,nan,2021.0,2021-11-05,650.0,nan,TOI-712,0.83,0.0176,0.3656,9.531361,0.54,nan,nan
476,TOI-733 b,,,,,,,,,,Confirmed,0.0618,nan,2023.0,2023-04-14,1055.8,nan,TOI-733,4.4,5.72,3.98,4.884765,0.046,nan,nan
477,TOI-836 b,,,,,,,,,,Confirmed,0.0422,nan,2022.0,2022-08-16,871.0,nan,TOI-836,5.4,0.01425,0.30404,3.81673,0.053,nan,nan
478,TOI-836 c,,,,,,,,,,Confirmed,0.075,nan,2022.0,2022-08-16,665.0,nan,TOI-836,5.4,0.0302,0.4616,8.59545,0.078,nan,nan
479,TOI-849 b,,,,,,,,,,Confirmed,0.01598,nan,2020.0,2021-03-30,1800.0,nan,TOI-849,6.7,0.12299,0.61452,0.76552414,0.0,nan,nan
480,TOI-892 b,,,,,,,,,,Confirmed,0.092,nan,2020.0,2020-09-21,1397.0,nan,TOI-892,nan,0.95,2.14,10.62656,0.125,nan,nan
481,TOI-905 b,,,,,,,,,,Confirmed,0.04666,nan,2019.0,2019-12-26,1192.0,nan,TOI-905,3.4,0.667,2.342,3.739494,0.024,nan,nan
482,TOI-954 b,,,,,,,,,,Confirmed,0.04963,nan,2020.0,2020-10-28,1526.0,nan,TOI-954,6.14,0.174,1.704,3.6849729,0.14,nan,nan
483,TRAPPIST-1 b,,,,,,,,,,Confirmed,0.01111,nan,2016.0,2023-03-27,400.1,503.0,TRAPPIST-1,7.6,0.0027,0.19378,1.51087081,0.0,nan,H2O
484,TRAPPIST-1 c,,,,,,,,,,Confirmed,0.01521,nan,2016.0,2023-06-20,341.9,nan,TRAPPIST-1,7.6,0.00434,0.18842,2.4218233,0.0,nan,"CO2, H2O"
485,TRAPPIST-1 d,,,,,,,,,,Confirmed,0.02144,nan,2016.0,2022-11-23,288.0,nan,TRAPPIST-1,7.6,0.0013,0.1378,4.04961,0.0,nan,H2O
486,TRAPPIST-1 e,,,,,,,,,,Confirmed,0.02817,nan,2017.0,2022-11-23,251.3,nan,TRAPPIST-1,7.6,0.002,0.1638,6.099615,0.0,nan,"CO2, H2O"
487,TRAPPIST-1 f,,,,,,,,,,Confirmed,0.0371,nan,2017.0,2022-11-23,219.0,nan,TRAPPIST-1,7.6,0.0021,0.18646,9.20669,0.0,nan,H2O
488,TRAPPIST-1 g,,,,,,,,,,Confirmed,0.0451,nan,2017.0,2022-11-23,198.6,nan,TRAPPIST-1,7.6,0.00422,0.201,12.35294,0.0,nan,H2O
489,TrES-2 A b,,,,,,,,,,Confirmed,0.03555,0.000162,2006.0,2020-04-20,1455.0,nan,TrES-2 A,5.1,1.253,2.378,2.4706133738,0.0,nan,nan
490,V 1298 Tau b,,,,,,,,,,Confirmed,0.1716,nan,2019.0,2023-04-05,685.0,nan,V 1298 Tau,0.023,0.5,1.7754,24.14041,0.29,nan,nan
491,V 1298 Tau c,,,,,,,,,,Confirmed,0.0839,nan,2019.0,2023-04-05,979.0,nan,V 1298 Tau,0.023,0.0623,0.935,8.24872,0.43,nan,nan
492,V 1298 Tau d,,,,,,,,,,Confirmed,0.1101,nan,2019.0,2023-04-05,855.0,nan,V 1298 Tau,0.023,0.113,1.1312,12.40214,0.21,nan,nan
493,V 1298 Tau e,,,,,,,,,,Confirmed,0.2667,nan,2019.0,2023-04-05,549.0,nan,V 1298 Tau,0.023,0.66,1.696,46.768131,0.57,nan,nan
494,WASP-100 b,,,,,,,,,,Confirmed,0.0457,nan,2013.0,2022-10-31,2099.0,2710.0,WASP-100,nan,2.03,3.38,2.849375,0.0,nan,nan
495,WASP-101 b,,,,,,,,,,Confirmed,0.0506,nan,2013.0,2013-10-22,1560.0,nan,WASP-101,0.9,0.5,2.82,3.585722,0.0,nan,nan
496,WASP-104 b,,,,,,,,,,Confirmed,0.02918,nan,2014.0,2018-04-17,1516.0,nan,WASP-104,nan,1.272,2.274,1.7554137,0.0,nan,nan
497,WASP-106 b,,,,,,,,,,Confirmed,0.0917,nan,2014.0,2016-01-10,1140.0,nan,WASP-106,nan,1.925,2.17,9.289715,0.0,nan,nan
498,WASP-108 b,,,,,,,,,,Confirmed,0.0397,nan,2014.0,2014-10-29,1590.0,nan,WASP-108,4.6,1.167,2.43,2.6755463,0.0,nan,nan
499,WASP-109 b,,,,,,,,,,Confirmed,0.0463,nan,2014.0,2016-01-10,1695.0,nan,WASP-109,2.6,0.91,2.886,3.3190233,0.0,nan,nan
500,WASP-110 b,,,,,,,,,,Confirmed,0.0457,nan,2014.0,2014-10-29,1134.0,nan,WASP-110,8.6,0.515,2.476,3.7783977,0.0,nan,nan
501,WASP-111 b,,,,,,,,,,Confirmed,0.03914,nan,2014.0,2014-10-29,2140.0,nan,WASP-111,2.6,1.85,2.884,2.310965,0.0,nan,nan
502,WASP-112 b,,,,,,,,,,Confirmed,0.0382,nan,2014.0,2022-10-31,1395.0,nan,WASP-112,10.6,0.88,2.382,3.0353992,0.0,nan,nan
503,WASP-113 b,,,,,,,,,,Confirmed,0.05885,nan,2016.0,2016-07-11,1496.0,nan,WASP-113,nan,0.475,2.818,4.54216874538,0.0,nan,nan
504,WASP-114 b,,,,,,,,,,Confirmed,0.02851,nan,2016.0,2016-07-11,2043.0,nan,WASP-114,nan,1.769,2.678,1.5487743,0.012,nan,nan
505,WASP-117 b,,,,,,,,,,Confirmed,0.09459,nan,2014.0,2018-12-17,1024.0,nan,WASP-117,4.6,0.2755,2.042,10.02165,0.302,nan,nan
506,WASP-118 b,,,,,,,,,,Confirmed,0.05453,nan,2016.0,2021-02-05,1729.0,nan,WASP-118,1.17,0.514,2.88,4.0460435,0.0,nan,nan
507,WASP-119 b,,,,,,,,,,Confirmed,0.0363,nan,2016.0,2022-10-31,1600.0,nan,WASP-119,8.0,1.23,2.8,2.49979,0.058,nan,nan
508,WASP-12 b,,,,,,,,,,Confirmed,0.02344,5.4e-05,2008.0,2022-03-07,2593.0,nan,WASP-12,1.7,1.47,3.8,1.09141937,0.0,nan,"C, CH4, CO, CO2, Ca, Fe, H, H2, H2O, HCN, He, Mg, Na, Ni, O I, SiO, Ti, TiO, VO"
509,WASP-120 b,,,,,,,,,,Confirmed,0.0522,nan,2015.0,2019-11-12,1880.0,nan,WASP-120,nan,5.06,3.03,3.6112706,0.059,nan,nan
510,WASP-122 b,,,,,,,,,,Confirmed,0.03107,nan,2015.0,2019-11-12,1970.0,nan,WASP-122,nan,1.401,3.584,1.7100567,0.0,nan,nan
511,WASP-123 b,,,,,,,,,,Confirmed,0.0431,nan,2015.0,2015-09-12,1510.0,nan,WASP-123,nan,0.92,2.654,2.977641,0.0,nan,nan
512,WASP-124 b,,,,,,,,,,Confirmed,0.0499,nan,2016.0,2022-10-31,1400.0,nan,WASP-124,2.1,0.6,2.48,3.37265,0.017,nan,nan
513,WASP-126 b,,,,,,,,,,Confirmed,0.0449,nan,2016.0,2022-10-31,1480.0,nan,WASP-126,6.4,0.2841,1.92,3.2888,0.18,nan,nan
514,WASP-129 b,,,,,,,,,,Confirmed,0.0628,nan,2016.0,2016-02-05,1100.0,nan,WASP-129,1.0,1.0,1.86,5.748145,0.096,nan,nan
515,WASP-130 b,,,,,,,,,,Confirmed,0.1012,nan,2016.0,2016-07-11,833.0,nan,WASP-130,2.0,1.23,1.78,11.55098,0.0,nan,nan
516,WASP-131 b,,,,,,,,,,Confirmed,0.0607,nan,2016.0,2016-07-11,1400.0,nan,WASP-131,4.5,0.27,2.44,5.322023,0.0,nan,nan
517,WASP-132 b,,,,,,,,,,Confirmed,0.067,nan,2016.0,2022-05-06,763.0,nan,WASP-132,0.5,0.41,1.7932,7.133514,0.0,nan,nan
518,WASP-133 b,,,,,,,,,,Confirmed,0.0345,nan,2016.0,2016-02-05,1790.0,nan,WASP-133,6.8,1.16,2.42,2.176423,0.17,nan,nan
519,WASP-134 b,,,,,,,,,,Confirmed,0.0956,nan,2018.0,2018-12-26,953.0,nan,WASP-134,5.1,1.412,1.976,10.1467583,0.1447,nan,nan
520,WASP-137 b,,,,,,,,,,Confirmed,0.0519,nan,2018.0,2018-12-26,1601.0,nan,WASP-137,4.3,0.681,2.54,3.9080284,0.14,nan,nan
521,WASP-139 b,,,,,,,,,,Confirmed,0.062,nan,2016.0,2016-07-11,910.0,nan,WASP-139,0.5,0.117,1.6,5.924262,0.0,nan,nan
522,WASP-141 b,,,,,,,,,,Confirmed,0.0469,nan,2016.0,2016-07-11,1540.0,nan,WASP-141,4.0,2.69,2.42,3.310651,0.0,nan,nan
523,WASP-142 b,,,,,,,,,,Confirmed,0.0347,nan,2016.0,2016-07-11,2000.0,nan,WASP-142,2.0,0.84,3.06,2.052868,0.0,nan,nan
524,WASP-143 b,,,,,,,,,,Confirmed,0.049,nan,nan,2018-12-26,1325.0,nan,WASP-143,1.9,0.725,2.468,3.778873,0.0007,nan,nan
525,WASP-144 b,,,,,,,,,,Confirmed,0.0316,nan,2018.0,2018-03-16,1260.0,nan,WASP-144,0.5,0.44,1.7,2.2783152,0.0,nan,nan
526,WASP-145 A b,,,,,,,,,,Confirmed,0.0261,nan,2018.0,2019-12-02,1200.0,nan,WASP-145 A,0.5,0.89,1.8,nan,0.0,nan,nan
527,WASP-146 b,,,,,,,,,,Confirmed,0.0451,nan,2018.0,2018-12-26,1486.0,nan,WASP-146,6.9,1.11,2.456,3.396944,0.15,nan,nan
528,WASP-148 b,,,,,,,,,,Confirmed,0.08215,nan,2020.0,2022-04-15,940.0,nan,WASP-148,nan,0.287,1.512,8.80345,0.208,nan,nan
529,WASP-150 b,,,,,,,,,,Confirmed,0.0694,nan,2020.0,2020-04-18,1460.0,nan,WASP-150,nan,8.46,2.14,5.644207,0.3775,nan,nan
530,WASP-156 b,,,,,,,,,,Confirmed,0.0451,nan,2017.0,2021-09-25,972.0,nan,WASP-156,6.4,0.1303,1.108,3.8361603,0.0,nan,nan
531,WASP-157 b,,,,,,,,,,Confirmed,0.0499,nan,2016.0,2021-02-05,1193.0,nan,WASP-157,1.0,0.576,1.996,3.951623,0.0,nan,nan
532,WASP-158 b,,,,,,,,,,Confirmed,0.0517,nan,2018.0,2018-05-15,1590.0,nan,WASP-158,1.7,2.79,2.14,nan,0.0,nan,nan
533,WASP-159 b,,,,,,,,,,Confirmed,0.0538,nan,2018.0,2019-03-04,1850.0,nan,WASP-159,5.0,0.55,2.76,3.840401,0.0,nan,nan
534,WASP-162 b,,,,,,,,,,Confirmed,0.0871,nan,2018.0,2018-05-15,910.0,nan,WASP-162,1.0,5.2,2.0,9.62468,0.434,nan,nan
535,WASP-166 b,,,,,,,,,,Confirmed,0.0668,nan,2018.0,2022-07-22,1270.0,nan,WASP-166,2.1,0.102,1.231,5.44354215,0.0,nan,Na
536,WASP-168 b,,,,,,,,,,Confirmed,0.0519,nan,2018.0,2018-05-15,1340.0,nan,WASP-168,1.0,0.42,3.0,4.153658,0.0,nan,nan
537,WASP-169 b,,,,,,,,,,Confirmed,0.0681,nan,2019.0,2019-04-24,1604.0,nan,WASP-169,3.8,0.561,2.608,5.6114118,0.0,nan,nan
538,WASP-171 b,,,,,,,,,,Confirmed,0.0504,nan,2019.0,2019-04-24,1642.0,nan,WASP-171,5.908,1.084,1.976,3.8186244,0.0,nan,nan
539,WASP-172 b,,,,,,,,,,Confirmed,0.0694,nan,2018.0,2018-05-15,1740.0,nan,WASP-172,1.2,0.47,3.14,5.477433,0.0,nan,nan
540,WASP-174 b,,,,,,,,,,Confirmed,0.05503,nan,2018.0,2019-09-20,1528.0,nan,WASP-174,1.65,0.33,2.874,4.2337005,0.0,nan,nan
541,WASP-175 b,,,,,,,,,,Confirmed,0.044,nan,2019.0,2019-04-24,1571.0,nan,WASP-175,1.745,0.99,2.416,3.0652907,0.0,nan,nan
542,WASP-176 b,,,,,,,,,,Confirmed,0.0535,nan,2020.0,2020-04-15,1721.0,nan,WASP-176,nan,0.855,3.01,3.899052,0.0,nan,nan
543,WASP-178 b,,,,,,,,,,Confirmed,0.0558,nan,2019.0,2022-04-06,2402.0,nan,WASP-178,0.43,1.41,3.88,3.3448285,0.0,nan,SiO
544,WASP-18 b,,,,,,,,,,Confirmed,0.02047,0.000205,2009.0,2020-04-17,2069.0,nan,WASP-18,0.63,10.4296,2.33,0.9414518,0.0088,nan,"CO, H, H2O"
545,WASP-182 b,,,,,,,,,,Confirmed,0.0451,nan,2019.0,2019-04-24,1479.0,nan,WASP-182,5.952,0.148,1.7,3.3769848,0.0,nan,nan
546,WASP-189 b,,,,,,,,,,Confirmed,0.05053,nan,2018.0,2022-07-11,3353.0,nan,WASP-189,0.855,1.99,3.238,2.724033,0.0,nan,"Cr, Fe, Fe+, Mg, Mn, Ti, Ti+, TiO, V"
547,WASP-19 b,,,,,,,,,,Confirmed,0.016634,nan,2009.0,2021-03-31,2077.0,nan,WASP-19,11.5,1.139,2.82,0.78884,0.0046,nan,"C, O I, TiO"
548,WASP-20 A b,,,,,,,,,,Confirmed,0.06003,nan,2011.0,2022-10-04,1379.0,nan,WASP-20 A,7.0,0.313,2.918,4.8996285,0.0,nan,H2O
549,WASP-28 b,,,,,,,,,,Confirmed,0.04469,0.000136,2010.0,2019-06-13,1468.0,nan,WASP-28,5.0,0.907,2.426,3.40883,0.046,nan,nan
550,WASP-30 b,,,,,,,,,,Confirmed,0.05325,nan,2010.0,2022-09-23,1474.0,nan,WASP-30,2.0,60.86,1.778,4.156736,0.0,nan,nan
551,WASP-33 b,,,,,,,,,,Confirmed,0.02558,0.000221,2010.0,2023-05-19,2782.0,2300.0,WASP-33,nan,2.8,3.206,1.21986967,0.0,nan,"AlO, CO, Ca+, Fe, Fe I, H, H2O, Ni, OH, Si, SiO, Ti, Ti+, V"
552,WASP-36 b,,,,,,,,,,Confirmed,0.02624,5.8e-05,2010.0,2019-05-30,1781.0,nan,WASP-36,3.0,2.279,2.538,1.5373653,0.0,nan,nan
553,WASP-41 b,,,,,,,,,,Confirmed,0.04,0.000222,2010.0,2015-09-28,1244.0,nan,WASP-41,nan,0.94,2.36,3.052404,0.026,nan,nan
554,WASP-47 b,,,,,,,,,,Confirmed,0.052,0.00026,2012.0,2021-02-05,1275.0,nan,WASP-47,nan,1.14243,2.254,4.1591289,0.0028,nan,nan
555,WASP-50 b,,,,,,,,,,Confirmed,0.02913,0.000128,2011.0,2019-05-29,1394.84,nan,WASP-50,8.1,1.437,2.276,1.9550959,0.009,nan,nan
556,WASP-55 b,,,,,,,,,,Confirmed,0.0533,nan,2012.0,2021-02-05,1290.0,nan,WASP-55,3.0,0.61,2.66,4.46563,0.0,nan,nan
557,WASP-59 b,,,,,,,,,,Confirmed,0.0697,nan,2011.0,2022-03-21,670.0,nan,WASP-59,0.5,0.863,1.55,7.919585,0.1,nan,nan
558,WASP-69 b,,,,,,,,,,Confirmed,0.04525,nan,2011.0,2023-03-25,963.0,nan,WASP-69,2.0,0.26,2.114,3.8681382,0.0,nan,"C2H2, CH4, CO, CO2, H2O, HCN, He, NH3, Na, TiO"
559,WASP-70 A b,,,,,,,,,,Confirmed,0.04853,nan,2011.0,2017-06-08,1387.0,nan,WASP-70 A,9.5,0.59,2.328,3.7130203,0.0,nan,nan
560,WASP-73 b,,,,,,,,,,Confirmed,0.05512,nan,2013.0,2022-10-31,1790.0,nan,WASP-73,nan,1.88,2.32,4.08722,0.0,nan,nan
561,WASP-76 b,,,,,,,,,,Confirmed,0.033,nan,2013.0,2023-06-16,2160.0,nan,WASP-76,nan,0.92,3.66,1.809886,0.0,nan,"Al2O3, Ba, CH4, Ca, Ca+, Fe, H2O, He, Li, Mg, Mg2SiO4, Na, Ni, OH, SiO, Ti, TiO, VO"
562,WASP-82 b,,,,,,,,,,Confirmed,0.0447,nan,2013.0,2014-05-28,2190.0,nan,WASP-82,nan,1.24,3.34,2.705782,0.0,nan,nan
563,WASP-83 b,,,,,,,,,,Confirmed,0.059,nan,2014.0,2015-07-27,1120.0,nan,WASP-83,5.0,0.3,2.08,4.071252,0.0,nan,nan
564,WASP-84 b,,,,,,,,,,Confirmed,0.0778,nan,2013.0,2023-05-17,732.0,nan,WASP-84,1.0,0.692,1.9128,8.5234964,0.0,nan,nan
565,WASP-85 A b,,,,,,,,,,Confirmed,0.039,nan,2016.0,2021-02-05,1452.0,nan,WASP-85,nan,1.265,2.48,2.6556777,0.0,nan,nan
566,WASP-87 A b,,,,,,,,,,Confirmed,0.02946,nan,2014.0,2017-06-08,2322.0,nan,WASP-87 A,3.8,2.21,2.77,1.682795,0.0,nan,nan
567,WASP-88 b,,,,,,,,,,Confirmed,0.06431,nan,2013.0,2014-05-26,1775.0,nan,WASP-88,nan,0.56,3.4,4.954,0.0,nan,nan
568,WASP-89 b,,,,,,,,,,Confirmed,0.0427,nan,2014.0,2015-04-06,1120.0,nan,WASP-89,1.3,5.9,2.08,3.3564227,0.193,nan,nan
569,WASP-90 b,,,,,,,,,,Confirmed,0.0562,nan,2013.0,2014-05-21,1840.0,nan,WASP-90,nan,0.63,3.26,3.916243,0.0,nan,nan
570,WASP-92 b,,,,,,,,,,Confirmed,0.0348,nan,2016.0,2017-06-25,1871.0,nan,WASP-92,nan,0.805,2.922,2.1746742,0.0,nan,nan
571,WASP-95 b,,,,,,,,,,Confirmed,0.0312,nan,2013.0,2022-10-31,1692.0,nan,WASP-95,2.4,1.206,2.196,2.1846656,0.0,nan,nan
572,WASP-96 b,,,,,,,,,,Confirmed,0.0453,nan,2013.0,2022-07-07,1285.0,nan,WASP-96,8.0,0.48,2.4,3.4252602,0.0,nan,"H2O, Na"
573,WASP-97 b,,,,,,,,,,Confirmed,0.03303,nan,2013.0,2014-05-28,1555.0,nan,WASP-97,11.9,1.32,2.26,2.07276,0.0,nan,nan
574,WASP-98 b,,,,,,,,,,Confirmed,0.036,nan,2013.0,2016-06-03,1180.0,nan,WASP-98,3.0,0.83,2.2,2.96264,0.0,nan,"TiO, VO"
575,WASP-99 b,,,,,,,,,,Confirmed,0.0717,nan,2013.0,2018-12-17,1480.0,nan,WASP-99,1.4,2.78,2.2,5.75251,0.0,nan,nan
576,WTS-2 b,,,,,,,,,,Confirmed,0.01855,nan,2013.0,2014-02-28,2000.0,nan,WTS-2,0.6,1.12,2.6,1.0187074,0.0,nan,nan
577,Wendelstein-1 b,,,,,,,,,,Confirmed,0.0282,nan,2020.0,2020-05-30,1884.0,nan,Wendelstein-1,nan,0.59,2.0,2.663416,0.012,nan,nan
578,Wolf 503 b,,,,,,,,,,Confirmed,0.05706,nan,2018.0,2022-11-19,790.0,nan,Wolf 503,11.0,0.0197,0.36454,6.001127,0.41,nan,nan
579,XO-4 b,,,,,,,,,,Confirmed,0.05485,0.000189,2008.0,2019-06-13,1641.0,nan,XO-4,2.1,1.616,2.634,4.12473,0.0,nan,nan
580,XO-6 b,,,,,,,,,,Confirmed,0.0815,nan,2016.0,2016-12-09,1577.0,nan,XO-6,1.88,1.9,4.14,3.7650007,0.0,nan,nan
581,XO-7 b,,,,,,,,,,Confirmed,0.04421,nan,2019.0,2019-12-24,1743.0,nan,XO-7,1.18,0.709,2.746,2.8641424,0.038,nan,nan
582,pi Men c,,,,,,,,,,Confirmed,0.06702,nan,2018.0,2022-03-03,1147.0,nan,pi Men,2.98,0.01142,0.33438,6.267852,0.15,nan,nan
